Longitude (x),Latitude (y),Station Name,Climate ID,Date/Time (LST),Year,Month,Day,Time (LST),Temp (°C),Temp Flag,Dew Point Temp (°C),Dew Point Temp Flag,Rel Hum (%),Rel Hum Flag,Precip. Amount (mm),Precip. Amount Flag,Wind Dir (10s deg),Wind Dir Flag,Wind Spd (km/h),Wind Spd Flag,Visibility (km),Visibility Flag,Stn Press (kPa),Stn Press Flag,Hmdx,Hmdx Flag,Wind Chill,Wind Chill Flag,Weather
-123.18,49.2,VANCOUVER INT'L A,1108447,5/1/2008 0:00,2008,5,1,0:00,8,,1.1,,62,,,,9,,7,,24.1,,102.13,,,,,,Cloudy
-123.18,49.2,VANCOUVER INT'L A,1108447,5/1/2008 1:00,2008,5,1,1:00,7.7,,1.3,,64,,,,6,,9,,24.1,,102.15,,,,,,Rain Showers
-123.18,49.2,VANCOUVER INT'L A,1108447,5/1/2008 2:00,2008,5,1,2:00,7.4,,1.2,,65,,,,7,,15,,24.1,,102.18,,,,,,Cloudy
-123.18,49.2,VANCOUVER INT'L A,1108447,5/1/2008 3:00,2008,5,1,3:00,7.4,,2.1,,69,,,,9,,15,,24.1,,102.22,,,,,,Cloudy
-123.18,49.2,VANCOUVER INT'L A,1108447,5/1/2008 4:00,2008,5,1,4:00,7,,2.7,,74,,,,10,,20,,24.1,,102.24,,,,,,Cloudy
-123.18,49.2,VANCOUVER INT'L A,1108447,5/1/2008 5:00,2008,5,1,5:00,6.5,,2.8,,77,,,,9,,20,,24.1,,102.26,,,,,,Cloudy
-123.18,49.2,VANCOUVER INT'L A,1108447,5/1/2008 6:00,2008,5,1,6:00,6.6,,3,,78,,,,10,,19,,24.1,,102.34,,,,,,Cloudy
-123.18,49.2,VANCOUVER INT'L A,1108447,5/1/2008 7:00,2008,5,1,7:00,8.2,,4,,75,,,,10,,19,,48.3,,102.4,,,,,,Cloudy
-123.18,49.2,VANCOUVER INT'L A,1108447,5/1/2008 8:00,2008,5,1,8:00,8.9,,2.7,,65,,,,14,,19,,48.3,,102.45,,,,,,Cloudy
-123.18,49.2,VANCOUVER INT'L A,1108447,5/1/2008 9:00,2008,5,1,9:00,8.8,,2.2,,63,,,,17,,24,,48.3,,102.48,,,,,,Mostly Cloudy
-123.18,49.2,VANCOUVER INT'L A,1108447,5/1/2008 10:00,2008,5,1,10:00,9.4,,1.3,,57,,,,16,,24,,48.3,,102.51,,,,,,Cloudy
-123.18,49.2,VANCOUVER INT'L A,1108447,5/1/2008 11:00,2008,5,1,11:00,9.5,,1.9,,59,,,,15,,28,,48.3,,102.54,,,,,,Mostly Cloudy
-123.18,49.2,VANCOUVER INT'L A,1108447,5/1/2008 12:00,2008,5,1,12:00,10.6,,2.4,,57,,,,14,,20,,48.3,,102.52,,,,,,Mostly Cloudy
-123.18,49.2,VANCOUVER INT'L A,1108447,5/1/2008 13:00,2008,5,1,13:00,11.3,,2.1,,53,,,,15,,24,,48.3,,102.52,,,,,,Mostly Cloudy
-123.18,49.2,VANCOUVER INT'L A,1108447,5/1/2008 14:00,2008,5,1,14:00,12,,1.9,,50,,,,13,,19,,48.3,,102.51,,,,,,Cloudy
-123.18,49.2,VANCOUVER INT'L A,1108447,5/1/2008 15:00,2008,5,1,15:00,12.3,,0.8,,45,,,,14,,15,,48.3,,102.47,,,,,,Mostly Cloudy
-123.18,49.2,VANCOUVER INT'L A,1108447,5/1/2008 16:00,2008,5,1,16:00,12.4,,1.7,,48,,,,12,,9,,48.3,,102.46,,,,,,Mostly Cloudy
-123.18,49.2,VANCOUVER INT'L A,1108447,5/1/2008 17:00,2008,5,1,17:00,10.9,,2.4,,56,,,,9,,17,,48.3,,102.44,,,,,,Mostly Cloudy
-123.18,49.2,VANCOUVER INT'L A,1108447,5/1/2008 18:00,2008,5,1,18:00,10.6,,2.4,,57,,,,9,,6,,48.3,,102.39,,,,,,Cloudy
-123.18,49.2,VANCOUVER INT'L A,1108447,5/1/2008 19:00,2008,5,1,19:00,10.2,,1.7,,56,,,,11,,11,,32.2,,102.36,,,,,,Cloudy
-123.18,49.2,VANCOUVER INT'L A,1108447,5/1/2008 20:00,2008,5,1,20:00,9.1,,0.8,,56,,,,11,,9,,24.1,,102.33,,,,,,Mostly Cloudy
-123.18,49.2,VANCOUVER INT'L A,1108447,5/1/2008 21:00,2008,5,1,21:00,8.6,,1.9,,63,,,,5,,11,,24.1,,102.32,,,,,,Mostly Cloudy
-123.18,49.2,VANCOUVER INT'L A,1108447,5/1/2008 22:00,2008,5,1,22:00,6.8,,1.5,,69,,,,8,,11,,24.1,,102.3,,,,,,Mainly Clear
-123.18,49.2,VANCOUVER INT'L A,1108447,5/1/2008 23:00,2008,5,1,23:00,7.1,,1,,65,,,,8,,15,,24.1,,102.28,,,,,,Mainly Clear
-123.18,49.2,VANCOUVER INT'L A,1108447,5/2/2008 0:00,2008,5,2,0:00,6.2,,0.7,,68,,,,9,,13,,24.1,,102.28,,,,,,Mainly Clear
-123.18,49.2,VANCOUVER INT'L A,1108447,5/2/2008 1:00,2008,5,2,1:00,5.1,,0.5,,72,,,,9,,13,,24.1,,102.24,,,,,,Mainly Clear
-123.18,49.2,VANCOUVER INT'L A,1108447,5/2/2008 2:00,2008,5,2,2:00,6.1,,1.1,,70,,,,11,,11,,24.1,,102.19,,,,,,Mostly Cloudy
-123.18,49.2,VANCOUVER INT'L A,1108447,5/2/2008 3:00,2008,5,2,3:00,5.6,,0.6,,70,,,,11,,11,,24.1,,102.16,,,,,,Mostly Cloudy
-123.18,49.2,VANCOUVER INT'L A,1108447,5/2/2008 4:00,2008,5,2,4:00,6.4,,0.7,,67,,,,8,,11,,24.1,,102.12,,,,,,Mostly Cloudy
-123.18,49.2,VANCOUVER INT'L A,1108447,5/2/2008 5:00,2008,5,2,5:00,6.2,,1.2,,70,,,,9,,7,,24.1,,102.09,,,,,,Mostly Cloudy
-123.18,49.2,VANCOUVER INT'L A,1108447,5/2/2008 6:00,2008,5,2,6:00,6.8,,1,,66,,,,13,,7,,32.2,,102.09,,,,,,Mostly Cloudy
-123.18,49.2,VANCOUVER INT'L A,1108447,5/2/2008 7:00,2008,5,2,7:00,7.8,,1,,62,,,,15,,4,,48.3,,102.09,,,,,,Cloudy
-123.18,49.2,VANCOUVER INT'L A,1108447,5/2/2008 8:00,2008,5,2,8:00,9.3,,0.8,,55,,,,,,0,,48.3,,102.12,,,,,,Cloudy
-123.18,49.2,VANCOUVER INT'L A,1108447,5/2/2008 9:00,2008,5,2,9:00,10,,0.6,,52,,,,7,,4,,48.3,,102.13,,,,,,Cloudy
-123.18,49.2,VANCOUVER INT'L A,1108447,5/2/2008 10:00,2008,5,2,10:00,10.9,,1.4,,52,,,,,,0,,48.3,,102.16,,,,,,Cloudy
-123.18,49.2,VANCOUVER INT'L A,1108447,5/2/2008 11:00,2008,5,2,11:00,12.3,,1.7,,48,,,,12,,4,,32.2,,102.15,,,,,,Cloudy
-123.18,49.2,VANCOUVER INT'L A,1108447,5/2/2008 12:00,2008,5,2,12:00,12.9,,2.7,,50,,,,32,,11,,32.2,,102.12,,,,,,Cloudy
-123.18,49.2,VANCOUVER INT'L A,1108447,5/2/2008 13:00,2008,5,2,13:00,11.2,,3.8,,60,,,,29,,13,,32.2,,102.13,,,,,,Rain
-123.18,49.2,VANCOUVER INT'L A,1108447,5/2/2008 14:00,2008,5,2,14:00,11.8,,5.3,,64,,,,30,,11,,24.1,,102.13,,,,,,Cloudy
-123.18,49.2,VANCOUVER INT'L A,1108447,5/2/2008 15:00,2008,5,2,15:00,11.8,,6,,68,,,,31,,6,,24.1,,102.16,,,,,,Rain
-123.18,49.2,VANCOUVER INT'L A,1108447,5/2/2008 16:00,2008,5,2,16:00,12.3,,5.5,,63,,,,30,,7,,24.1,,102.15,,,,,,Rain
-123.18,49.2,VANCOUVER INT'L A,1108447,5/2/2008 17:00,2008,5,2,17:00,11.8,,5.3,,64,,,,,,0,,24.1,,102.14,,,,,,Rain
-123.18,49.2,VANCOUVER INT'L A,1108447,5/2/2008 18:00,2008,5,2,18:00,11.5,,6.1,,69,,,,9,,7,,24.1,,102.11,,,,,,Rain
-123.18,49.2,VANCOUVER INT'L A,1108447,5/2/2008 19:00,2008,5,2,19:00,10.6,,6.5,,76,,,,5,,11,,24.1,,102.09,,,,,,Rain
-123.18,49.2,VANCOUVER INT'L A,1108447,5/2/2008 20:00,2008,5,2,20:00,10.5,,6.3,,75,,,,3,,11,,24.1,,102.08,,,,,,Rain
-123.18,49.2,VANCOUVER INT'L A,1108447,5/2/2008 21:00,2008,5,2,21:00,9.9,,6.4,,79,,,,3,,11,,24.1,,102.09,,,,,,Rain
-123.18,49.2,VANCOUVER INT'L A,1108447,5/2/2008 22:00,2008,5,2,22:00,9.5,,6.2,,80,,,,3,,13,,12.9,,102.07,,,,,,Rain
-123.18,49.2,VANCOUVER INT'L A,1108447,5/2/2008 23:00,2008,5,2,23:00,9.3,,6.6,,83,,,,4,,9,,19.3,,102.04,,,,,,Rain
-123.18,49.2,VANCOUVER INT'L A,1108447,5/3/2008 0:00,2008,5,3,0:00,8.9,,6.7,,86,,,,,,0,,16.1,,102.04,,,,,,Rain
-123.18,49.2,VANCOUVER INT'L A,1108447,5/3/2008 1:00,2008,5,3,1:00,8.7,,5.6,,81,,,,34,,6,,16.1,,102.01,,,,,,Rain
-123.18,49.2,VANCOUVER INT'L A,1108447,5/3/2008 2:00,2008,5,3,2:00,8.8,,6.7,,87,,,,,,0,,9.7,,102,,,,,,"Rain,Fog"
-123.18,49.2,VANCOUVER INT'L A,1108447,5/3/2008 3:00,2008,5,3,3:00,8.6,,6.9,,89,,,,,,0,,9.7,,102,,,,,,"Rain,Fog"
-123.18,49.2,VANCOUVER INT'L A,1108447,5/3/2008 4:00,2008,5,3,4:00,8.4,,7,,91,,,,9,,4,,6.4,,102,,,,,,"Rain,Fog"
-123.18,49.2,VANCOUVER INT'L A,1108447,5/3/2008 5:00,2008,5,3,5:00,8.5,,7.1,,91,,,,,,0,,6.4,,102.02,,,,,,"Rain,Fog"
-123.18,49.2,VANCOUVER INT'L A,1108447,5/3/2008 6:00,2008,5,3,6:00,8.8,,7.2,,90,,,,,,0,,11.3,,102.05,,,,,,Rain
-123.18,49.2,VANCOUVER INT'L A,1108447,5/3/2008 7:00,2008,5,3,7:00,8.9,,7.5,,91,,,,27,,4,,24.1,,102.09,,,,,,Rain
-123.18,49.2,VANCOUVER INT'L A,1108447,5/3/2008 8:00,2008,5,3,8:00,9,,7.6,,91,,,,33,,11,,9.7,,102.11,,,,,,"Rain,Fog"
-123.18,49.2,VANCOUVER INT'L A,1108447,5/3/2008 9:00,2008,5,3,9:00,9.1,,7.4,,89,,,,32,,15,,16.1,,102.14,,,,,,Rain
-123.18,49.2,VANCOUVER INT'L A,1108447,5/3/2008 10:00,2008,5,3,10:00,9.6,,7.5,,87,,,,31,,9,,19.3,,102.15,,,,,,Rain
-123.18,49.2,VANCOUVER INT'L A,1108447,5/3/2008 11:00,2008,5,3,11:00,9,,7.7,,92,,,,29,,28,,8,,102.17,,,,,,"Drizzle,Fog"
-123.18,49.2,VANCOUVER INT'L A,1108447,5/3/2008 12:00,2008,5,3,12:00,9.5,,7.7,,89,,,,30,,28,,19.3,,102.17,,,,,,Cloudy
-123.18,49.2,VANCOUVER INT'L A,1108447,5/3/2008 13:00,2008,5,3,13:00,10.1,,7.6,,84,,,,30,,26,,24.1,,102.16,,,,,,Cloudy
-123.18,49.2,VANCOUVER INT'L A,1108447,5/3/2008 14:00,2008,5,3,14:00,10.4,,7.4,,82,,,,31,,22,,24.1,,102.15,,,,,,Mostly Cloudy
-123.18,49.2,VANCOUVER INT'L A,1108447,5/3/2008 15:00,2008,5,3,15:00,12.3,,8.1,,76,,,,29,,24,,32.2,,102.13,,,,,,Mainly Clear
-123.18,49.2,VANCOUVER INT'L A,1108447,5/3/2008 16:00,2008,5,3,16:00,11.4,,7.2,,75,,,,31,,19,,32.2,,102.12,,,,,,Mainly Clear
-123.18,49.2,VANCOUVER INT'L A,1108447,5/3/2008 17:00,2008,5,3,17:00,11.8,,6.9,,72,,,,30,,17,,48.3,,102.09,,,,,,Mainly Clear
-123.18,49.2,VANCOUVER INT'L A,1108447,5/3/2008 18:00,2008,5,3,18:00,11.4,,7.2,,75,,,,31,,13,,32.2,,102.1,,,,,,Mainly Clear
-123.18,49.2,VANCOUVER INT'L A,1108447,5/3/2008 19:00,2008,5,3,19:00,10.6,,6.9,,78,,,,31,,7,,32.2,,102.1,,,,,,Mainly Clear
-123.18,49.2,VANCOUVER INT'L A,1108447,5/3/2008 20:00,2008,5,3,20:00,9.4,,6.1,,80,,,,29,,4,,32.2,,102.14,,,,,,Mainly Clear
-123.18,49.2,VANCOUVER INT'L A,1108447,5/3/2008 21:00,2008,5,3,21:00,10.2,,6.7,,79,,,,30,,4,,32.2,,102.17,,,,,,Mainly Clear
-123.18,49.2,VANCOUVER INT'L A,1108447,5/3/2008 22:00,2008,5,3,22:00,9.5,,6.3,,80,,,,20,,9,,32.2,,102.17,,,,,,Mainly Clear
-123.18,49.2,VANCOUVER INT'L A,1108447,5/3/2008 23:00,2008,5,3,23:00,8,,5.9,,87,,,,,,0,,32.2,,102.19,,,,,,Mainly Clear
-123.18,49.2,VANCOUVER INT'L A,1108447,5/4/2008 0:00,2008,5,4,0:00,7.6,,5.5,,87,,,,7,,9,,24.1,,102.2,,,,,,Mainly Clear
-123.18,49.2,VANCOUVER INT'L A,1108447,5/4/2008 1:00,2008,5,4,1:00,8.1,,6,,87,,,,33,,13,,24.1,,102.24,,,,,,Mainly Clear
-123.18,49.2,VANCOUVER INT'L A,1108447,5/4/2008 2:00,2008,5,4,2:00,8.9,,6.9,,87,,,,31,,13,,24.1,,102.22,,,,,,Mainly Clear
-123.18,49.2,VANCOUVER INT'L A,1108447,5/4/2008 3:00,2008,5,4,3:00,7.5,,5.6,,88,,,,31,,15,,24.1,,102.23,,,,,,Mainly Clear
-123.18,49.2,VANCOUVER INT'L A,1108447,5/4/2008 4:00,2008,5,4,4:00,7.9,,6,,88,,,,2,,4,,24.1,,102.25,,,,,,Mainly Clear
-123.18,49.2,VANCOUVER INT'L A,1108447,5/4/2008 5:00,2008,5,4,5:00,6.3,,4.8,,90,,,,34,,4,,24.1,,102.23,,,,,,Mainly Clear
-123.18,49.2,VANCOUVER INT'L A,1108447,5/4/2008 6:00,2008,5,4,6:00,7.9,,6.1,,88,,,,,,0,,24.1,,102.27,,,,,,Mostly Cloudy
-123.18,49.2,VANCOUVER INT'L A,1108447,5/4/2008 7:00,2008,5,4,7:00,9.8,,7.5,,86,,,,,,0,,24.1,,102.26,,,,,,Cloudy
-123.18,49.2,VANCOUVER INT'L A,1108447,5/4/2008 8:00,2008,5,4,8:00,10.6,,8.3,,86,,,,30,,11,,24.1,,102.27,,,,,,Cloudy
-123.18,49.2,VANCOUVER INT'L A,1108447,5/4/2008 9:00,2008,5,4,9:00,10.8,,7.6,,81,,,,29,,7,,24.1,,102.27,,,,,,Cloudy
-123.18,49.2,VANCOUVER INT'L A,1108447,5/4/2008 10:00,2008,5,4,10:00,11.7,,8.4,,80,,,,28,,7,,24.1,,102.26,,,,,,Cloudy
-123.18,49.2,VANCOUVER INT'L A,1108447,5/4/2008 11:00,2008,5,4,11:00,11.7,,8.1,,79,,,,26,,9,,24.1,,102.24,,,,,,Cloudy
-123.18,49.2,VANCOUVER INT'L A,1108447,5/4/2008 12:00,2008,5,4,12:00,12.2,,8.5,,78,,,,27,,9,,32.2,,102.18,,,,,,Cloudy
-123.18,49.2,VANCOUVER INT'L A,1108447,5/4/2008 13:00,2008,5,4,13:00,13.3,,8.9,,75,,,,26,,11,,48.3,,102.14,,,,,,Cloudy
-123.18,49.2,VANCOUVER INT'L A,1108447,5/4/2008 14:00,2008,5,4,14:00,13.2,,8.8,,75,,,,25,,9,,48.3,,102.08,,,,,,Cloudy
-123.18,49.2,VANCOUVER INT'L A,1108447,5/4/2008 15:00,2008,5,4,15:00,12.7,,8.2,,74,,,,24,,13,,48.3,,102.04,,,,,,Cloudy
-123.18,49.2,VANCOUVER INT'L A,1108447,5/4/2008 16:00,2008,5,4,16:00,12.7,,7.6,,71,,,,24,,7,,48.3,,101.98,,,,,,Cloudy
-123.18,49.2,VANCOUVER INT'L A,1108447,5/4/2008 17:00,2008,5,4,17:00,12.6,,7.9,,73,,,,27,,6,,48.3,,101.94,,,,,,Cloudy
-123.18,49.2,VANCOUVER INT'L A,1108447,5/4/2008 18:00,2008,5,4,18:00,12.7,,7.5,,71,,,,31,,6,,48.3,,101.91,,,,,,Cloudy
-123.18,49.2,VANCOUVER INT'L A,1108447,5/4/2008 19:00,2008,5,4,19:00,11.8,,6.8,,71,,,,,,0,,48.3,,101.87,,,,,,Cloudy
-123.18,49.2,VANCOUVER INT'L A,1108447,5/4/2008 20:00,2008,5,4,20:00,11.1,,7,,76,,,,,,0,,48.3,,101.88,,,,,,Mostly Cloudy
-123.18,49.2,VANCOUVER INT'L A,1108447,5/4/2008 21:00,2008,5,4,21:00,11,,7.1,,77,,,,,,0,,48.3,,101.85,,,,,,Cloudy
-123.18,49.2,VANCOUVER INT'L A,1108447,5/4/2008 22:00,2008,5,4,22:00,11.2,,7,,75,,,,36,,4,,48.3,,101.84,,,,,,Cloudy
-123.18,49.2,VANCOUVER INT'L A,1108447,5/4/2008 23:00,2008,5,4,23:00,11.3,,6.5,,72,,,,,,0,,32.2,,101.82,,,,,,Mostly Cloudy
-123.18,49.2,VANCOUVER INT'L A,1108447,5/5/2008 0:00,2008,5,5,0:00,10.9,,6.8,,76,,,,,,0,,32.2,,101.81,,,,,,Mainly Clear
-123.18,49.2,VANCOUVER INT'L A,1108447,5/5/2008 1:00,2008,5,5,1:00,9,,6.7,,85,,,,,,0,,32.2,,101.77,,,,,,Mainly Clear
-123.18,49.2,VANCOUVER INT'L A,1108447,5/5/2008 2:00,2008,5,5,2:00,8.4,,6.1,,85,,,,11,,6,,32.2,,101.77,,,,,,Mainly Clear
-123.18,49.2,VANCOUVER INT'L A,1108447,5/5/2008 3:00,2008,5,5,3:00,8.6,,6.2,,85,,,,,,0,,32.2,,101.79,,,,,,Mostly Cloudy
-123.18,49.2,VANCOUVER INT'L A,1108447,5/5/2008 4:00,2008,5,5,4:00,8,,5.6,,85,,,,1,,6,,32.2,,101.79,,,,,,Mostly Cloudy
-123.18,49.2,VANCOUVER INT'L A,1108447,5/5/2008 5:00,2008,5,5,5:00,8.5,,5.4,,81,,,,34,,4,,32.2,,101.79,,,,,,Cloudy
-123.18,49.2,VANCOUVER INT'L A,1108447,5/5/2008 6:00,2008,5,5,6:00,9.6,,6.9,,83,,,,32,,7,,32.2,,101.82,,,,,,Cloudy
-123.18,49.2,VANCOUVER INT'L A,1108447,5/5/2008 7:00,2008,5,5,7:00,10.5,,7.2,,80,,,,20,,13,,32.2,,101.75,,,,,,Cloudy
-123.18,49.2,VANCOUVER INT'L A,1108447,5/5/2008 8:00,2008,5,5,8:00,11.4,,7.8,,79,,,,16,,6,,32.2,,101.76,,,,,,Cloudy
-123.18,49.2,VANCOUVER INT'L A,1108447,5/5/2008 9:00,2008,5,5,9:00,13,,7.8,,71,,,,,,0,,32.2,,101.76,,,,,,Mainly Clear
-123.18,49.2,VANCOUVER INT'L A,1108447,5/5/2008 10:00,2008,5,5,10:00,13.6,,9.2,,75,,,,23,,17,,32.2,,101.75,,,,,,Mostly Cloudy
-123.18,49.2,VANCOUVER INT'L A,1108447,5/5/2008 11:00,2008,5,5,11:00,14.6,,10.6,,77,,,,25,,15,,32.2,,101.76,,,,,,Cloudy
-123.18,49.2,VANCOUVER INT'L A,1108447,5/5/2008 12:00,2008,5,5,12:00,14.8,,9.5,,71,,,,25,,11,,32.2,,101.75,,,,,,Cloudy
-123.18,49.2,VANCOUVER INT'L A,1108447,5/5/2008 13:00,2008,5,5,13:00,15.5,,10.7,,73,,,,28,,9,,32.2,,101.73,,,,,,Cloudy
-123.18,49.2,VANCOUVER INT'L A,1108447,5/5/2008 14:00,2008,5,5,14:00,15.7,,10.4,,71,,,,27,,11,,32.2,,101.7,,,,,,Mostly Cloudy
-123.18,49.2,VANCOUVER INT'L A,1108447,5/5/2008 15:00,2008,5,5,15:00,16.1,,10.1,,68,,,,24,,15,,32.2,,101.66,,,,,,Mostly Cloudy
-123.18,49.2,VANCOUVER INT'L A,1108447,5/5/2008 16:00,2008,5,5,16:00,16.3,,9.3,,63,,,,22,,15,,32.2,,101.63,,,,,,Mainly Clear
-123.18,49.2,VANCOUVER INT'L A,1108447,5/5/2008 17:00,2008,5,5,17:00,16.4,,8.4,,59,,,,25,,9,,32.2,,101.61,,,,,,Mainly Clear
-123.18,49.2,VANCOUVER INT'L A,1108447,5/5/2008 18:00,2008,5,5,18:00,14.7,,8.9,,68,,,,25,,9,,32.2,,101.6,,,,,,Mostly Cloudy
-123.18,49.2,VANCOUVER INT'L A,1108447,5/5/2008 19:00,2008,5,5,19:00,14.6,,7.8,,64,,,,25,,4,,32.2,,101.58,,,,,,Mostly Cloudy
-123.18,49.2,VANCOUVER INT'L A,1108447,5/5/2008 20:00,2008,5,5,20:00,13.2,,7.9,,70,,,,1,,4,,32.2,,101.62,,,,,,Mostly Cloudy
-123.18,49.2,VANCOUVER INT'L A,1108447,5/5/2008 21:00,2008,5,5,21:00,10.7,,5.9,,72,,,,9,,13,,32.2,,101.66,,,,,,Mostly Cloudy
-123.18,49.2,VANCOUVER INT'L A,1108447,5/5/2008 22:00,2008,5,5,22:00,9.5,,5.5,,76,,,,11,,15,,32.2,,101.66,,,,,,Mainly Clear
-123.18,49.2,VANCOUVER INT'L A,1108447,5/5/2008 23:00,2008,5,5,23:00,9.1,,6,,81,,,,10,,15,,32.2,,101.67,,,,,,Mainly Clear
-123.18,49.2,VANCOUVER INT'L A,1108447,5/6/2008 0:00,2008,5,6,0:00,8.4,,5.7,,83,,,,10,,11,,32.2,,101.66,,,,,,Mainly Clear
-123.18,49.2,VANCOUVER INT'L A,1108447,5/6/2008 1:00,2008,5,6,1:00,9.1,,6.6,,84,,,,10,,11,,32.2,,101.67,,,,,,Mostly Cloudy
-123.18,49.2,VANCOUVER INT'L A,1108447,5/6/2008 2:00,2008,5,6,2:00,8.4,,6.2,,86,,,,10,,11,,32.2,,101.67,,,,,,Mostly Cloudy
-123.18,49.2,VANCOUVER INT'L A,1108447,5/6/2008 3:00,2008,5,6,3:00,8.6,,6,,84,,,,10,,7,,32.2,,101.73,,,,,,Mostly Cloudy
-123.18,49.2,VANCOUVER INT'L A,1108447,5/6/2008 4:00,2008,5,6,4:00,8.4,,6.4,,87,,,,11,,11,,32.2,,101.75,,,,,,Mostly Cloudy
-123.18,49.2,VANCOUVER INT'L A,1108447,5/6/2008 5:00,2008,5,6,5:00,8.9,,6.6,,85,,,,14,,9,,32.2,,101.78,,,,,,Mostly Cloudy
-123.18,49.2,VANCOUVER INT'L A,1108447,5/6/2008 6:00,2008,5,6,6:00,9.3,,6.7,,84,,,,15,,7,,24.1,,101.82,,,,,,Cloudy
-123.18,49.2,VANCOUVER INT'L A,1108447,5/6/2008 7:00,2008,5,6,7:00,9.7,,6.7,,82,,,,18,,7,,24.1,,101.87,,,,,,Cloudy
-123.18,49.2,VANCOUVER INT'L A,1108447,5/6/2008 8:00,2008,5,6,8:00,9.6,,6.5,,81,,,,16,,9,,24.1,,101.89,,,,,,Cloudy
-123.18,49.2,VANCOUVER INT'L A,1108447,5/6/2008 9:00,2008,5,6,9:00,10.1,,6.7,,79,,,,16,,7,,24.1,,101.89,,,,,,Cloudy
-123.18,49.2,VANCOUVER INT'L A,1108447,5/6/2008 10:00,2008,5,6,10:00,10.4,,6.8,,78,,,,14,,9,,24.1,,101.91,,,,,,Cloudy
-123.18,49.2,VANCOUVER INT'L A,1108447,5/6/2008 11:00,2008,5,6,11:00,11.2,,6.8,,74,,,,16,,4,,24.1,,101.92,,,,,,Cloudy
-123.18,49.2,VANCOUVER INT'L A,1108447,5/6/2008 12:00,2008,5,6,12:00,11.8,,6.9,,72,,,,14,,6,,24.1,,101.9,,,,,,Cloudy
-123.18,49.2,VANCOUVER INT'L A,1108447,5/6/2008 13:00,2008,5,6,13:00,14.1,,8.5,,69,,,,23,,6,,24.1,,101.86,,,,,,Cloudy
-123.18,49.2,VANCOUVER INT'L A,1108447,5/6/2008 14:00,2008,5,6,14:00,14.1,,9.1,,72,,,,25,,11,,32.2,,101.81,,,,,,Cloudy
-123.18,49.2,VANCOUVER INT'L A,1108447,5/6/2008 15:00,2008,5,6,15:00,14.6,,9.4,,71,,,,23,,15,,32.2,,101.81,,,,,,Cloudy
-123.18,49.2,VANCOUVER INT'L A,1108447,5/6/2008 16:00,2008,5,6,16:00,14.2,,7,,62,,,,23,,9,,32.2,,101.78,,,,,,Cloudy
-123.18,49.2,VANCOUVER INT'L A,1108447,5/6/2008 17:00,2008,5,6,17:00,14,,7.3,,64,,,,22,,9,,32.2,,101.77,,,,,,Cloudy
-123.18,49.2,VANCOUVER INT'L A,1108447,5/6/2008 18:00,2008,5,6,18:00,13.8,,7.4,,65,,,,18,,13,,48.3,,101.75,,,,,,Mainly Clear
-123.18,49.2,VANCOUVER INT'L A,1108447,5/6/2008 19:00,2008,5,6,19:00,12.6,,6.2,,65,,,,15,,13,,32.2,,101.76,,,,,,Mainly Clear
-123.18,49.2,VANCOUVER INT'L A,1108447,5/6/2008 20:00,2008,5,6,20:00,10.6,,6.4,,75,,,,11,,15,,32.2,,101.8,,,,,,Mainly Clear
-123.18,49.2,VANCOUVER INT'L A,1108447,5/6/2008 21:00,2008,5,6,21:00,9.1,,6,,81,,,,11,,15,,32.2,,101.82,,,,,,Mainly Clear
-123.18,49.2,VANCOUVER INT'L A,1108447,5/6/2008 22:00,2008,5,6,22:00,8.4,,5.7,,83,,,,11,,13,,32.2,,101.85,,,,,,Mainly Clear
-123.18,49.2,VANCOUVER INT'L A,1108447,5/6/2008 23:00,2008,5,6,23:00,8,,5.6,,85,,,,11,,11,,32.2,,101.86,,,,,,Mainly Clear
-123.18,49.2,VANCOUVER INT'L A,1108447,5/7/2008 0:00,2008,5,7,0:00,8.1,,5.7,,85,,,,8,,13,,32.2,,101.87,,,,,,Mainly Clear
-123.18,49.2,VANCOUVER INT'L A,1108447,5/7/2008 1:00,2008,5,7,1:00,6.7,,4.7,,87,,,,11,,9,,32.2,,101.87,,,,,,Mainly Clear
-123.18,49.2,VANCOUVER INT'L A,1108447,5/7/2008 2:00,2008,5,7,2:00,8.4,,6.4,,87,,,,14,,4,,24.1,,101.89,,,,,,Mainly Clear
-123.18,49.2,VANCOUVER INT'L A,1108447,5/7/2008 3:00,2008,5,7,3:00,7.8,,5.8,,87,,,,10,,4,,24.1,,101.87,,,,,,Mostly Cloudy
-123.18,49.2,VANCOUVER INT'L A,1108447,5/7/2008 4:00,2008,5,7,4:00,8.6,,5.2,,79,,,,30,,26,,24.1,,101.89,,,,,,Mostly Cloudy
-123.18,49.2,VANCOUVER INT'L A,1108447,5/7/2008 5:00,2008,5,7,5:00,8.5,,4.9,,78,,,,30,,22,,24.1,,101.92,,,,,,Mostly Cloudy
-123.18,49.2,VANCOUVER INT'L A,1108447,5/7/2008 6:00,2008,5,7,6:00,8.4,,4.3,,75,,,,30,,30,,24.1,,101.96,,,,,,Cloudy
-123.18,49.2,VANCOUVER INT'L A,1108447,5/7/2008 7:00,2008,5,7,7:00,8.4,,3.5,,71,,,,29,,26,,24.1,,102.01,,,,,,Cloudy
-123.18,49.2,VANCOUVER INT'L A,1108447,5/7/2008 8:00,2008,5,7,8:00,8.9,,3.8,,70,,,,29,,35,,24.1,,102.02,,,,,,Cloudy
-123.18,49.2,VANCOUVER INT'L A,1108447,5/7/2008 9:00,2008,5,7,9:00,9.1,,3.3,,67,,,,29,,30,,24.1,,102.02,,,,,,Cloudy
-123.18,49.2,VANCOUVER INT'L A,1108447,5/7/2008 10:00,2008,5,7,10:00,9.1,,3.3,,67,,,,29,,35,,24.1,,102.06,,,,,,Cloudy
-123.18,49.2,VANCOUVER INT'L A,1108447,5/7/2008 11:00,2008,5,7,11:00,10.6,,4.3,,65,,,,29,,26,,24.1,,102.07,,,,,,Mainly Clear
-123.18,49.2,VANCOUVER INT'L A,1108447,5/7/2008 12:00,2008,5,7,12:00,11.5,,4.5,,62,,,,28,,28,,48.3,,102.05,,,,,,Mainly Clear
-123.18,49.2,VANCOUVER INT'L A,1108447,5/7/2008 13:00,2008,5,7,13:00,12,,4.1,,58,,,,27,,24,,48.3,,102.04,,,,,,Mainly Clear
-123.18,49.2,VANCOUVER INT'L A,1108447,5/7/2008 14:00,2008,5,7,14:00,12.5,,3.4,,54,,,,27,,19,,48.3,,102.04,,,,,,Mainly Clear
-123.18,49.2,VANCOUVER INT'L A,1108447,5/7/2008 15:00,2008,5,7,15:00,12.6,,1.6,,47,,,,24,,17,,48.3,,102.02,,,,,,Mainly Clear
-123.18,49.2,VANCOUVER INT'L A,1108447,5/7/2008 16:00,2008,5,7,16:00,12.5,,0.3,,43,,,,24,,15,,48.3,,101.99,,,,,,Mainly Clear
-123.18,49.2,VANCOUVER INT'L A,1108447,5/7/2008 17:00,2008,5,7,17:00,12.2,,0.6,,45,,,,23,,17,,48.3,,101.98,,,,,,Mainly Clear
-123.18,49.2,VANCOUVER INT'L A,1108447,5/7/2008 18:00,2008,5,7,18:00,11.7,,0.7,,47,,,,21,,15,,48.3,,101.93,,,,,,Mostly Cloudy
-123.18,49.2,VANCOUVER INT'L A,1108447,5/7/2008 19:00,2008,5,7,19:00,11.4,,0.6,,47,,,,19,,9,,48.3,,101.93,,,,,,Mostly Cloudy
-123.18,49.2,VANCOUVER INT'L A,1108447,5/7/2008 20:00,2008,5,7,20:00,11.2,,1.2,,50,,,,20,,7,,48.3,,101.96,,,,,,Mostly Cloudy
-123.18,49.2,VANCOUVER INT'L A,1108447,5/7/2008 21:00,2008,5,7,21:00,10.5,,2,,56,,,,23,,6,,48.3,,101.98,,,,,,Mostly Cloudy
-123.18,49.2,VANCOUVER INT'L A,1108447,5/7/2008 22:00,2008,5,7,22:00,10.9,,0.6,,49,,,,25,,11,,48.3,,101.99,,,,,,Mostly Cloudy
-123.18,49.2,VANCOUVER INT'L A,1108447,5/7/2008 23:00,2008,5,7,23:00,10.1,,3.7,,64,,,,29,,28,,32.2,,102.01,,,,,,Mostly Cloudy
-123.18,49.2,VANCOUVER INT'L A,1108447,5/8/2008 0:00,2008,5,8,0:00,9.1,,3.4,,67,,,,30,,20,,32.2,,101.99,,,,,,Mostly Cloudy
-123.18,49.2,VANCOUVER INT'L A,1108447,5/8/2008 1:00,2008,5,8,1:00,8.8,,3.9,,71,,,,31,,22,,32.2,,102.01,,,,,,Mostly Cloudy
-123.18,49.2,VANCOUVER INT'L A,1108447,5/8/2008 2:00,2008,5,8,2:00,8.3,,3.3,,71,,,,29,,24,,32.2,,102.01,,,,,,Mostly Cloudy
-123.18,49.2,VANCOUVER INT'L A,1108447,5/8/2008 3:00,2008,5,8,3:00,8,,3,,71,,,,29,,24,,32.2,,102.05,,,,,,Mostly Cloudy
-123.18,49.2,VANCOUVER INT'L A,1108447,5/8/2008 4:00,2008,5,8,4:00,7.9,,2.7,,70,,,,29,,22,,32.2,,102.06,,,,,,Cloudy
-123.18,49.2,VANCOUVER INT'L A,1108447,5/8/2008 5:00,2008,5,8,5:00,7.9,,3.4,,73,,,,29,,20,,32.2,,102.03,,,,,,Cloudy
-123.18,49.2,VANCOUVER INT'L A,1108447,5/8/2008 6:00,2008,5,8,6:00,8,,2.9,,70,,,,30,,20,,32.2,,102.06,,,,,,Cloudy
-123.18,49.2,VANCOUVER INT'L A,1108447,5/8/2008 7:00,2008,5,8,7:00,8.2,,3.1,,70,,,,30,,20,,32.2,,102.04,,,,,,Cloudy
-123.18,49.2,VANCOUVER INT'L A,1108447,5/8/2008 8:00,2008,5,8,8:00,8.5,,3.3,,70,,,,29,,17,,32.2,,102.05,,,,,,Cloudy
-123.18,49.2,VANCOUVER INT'L A,1108447,5/8/2008 9:00,2008,5,8,9:00,9.1,,4.5,,73,,,,28,,13,,32.2,,102.05,,,,,,Cloudy
-123.18,49.2,VANCOUVER INT'L A,1108447,5/8/2008 10:00,2008,5,8,10:00,9.6,,4.3,,69,,,,29,,15,,32.2,,102.04,,,,,,Mostly Cloudy
-123.18,49.2,VANCOUVER INT'L A,1108447,5/8/2008 11:00,2008,5,8,11:00,10.5,,4.7,,67,,,,26,,17,,32.2,,102.06,,,,,,Mostly Cloudy
-123.18,49.2,VANCOUVER INT'L A,1108447,5/8/2008 12:00,2008,5,8,12:00,11,,3.8,,61,,,,24,,9,,32.2,,102.03,,,,,,Mainly Clear
-123.18,49.2,VANCOUVER INT'L A,1108447,5/8/2008 13:00,2008,5,8,13:00,11.7,,5.2,,64,,,,27,,13,,48.3,,102.01,,,,,,Mostly Cloudy
-123.18,49.2,VANCOUVER INT'L A,1108447,5/8/2008 14:00,2008,5,8,14:00,12.2,,5.6,,64,,,,26,,19,,48.3,,101.98,,,,,,Mostly Cloudy
-123.18,49.2,VANCOUVER INT'L A,1108447,5/8/2008 15:00,2008,5,8,15:00,11.4,,3.6,,59,,,,26,,15,,48.3,,101.96,,,,,,Mostly Cloudy
-123.18,49.2,VANCOUVER INT'L A,1108447,5/8/2008 16:00,2008,5,8,16:00,12.4,,3.9,,56,,,,26,,15,,48.3,,101.94,,,,,,Mainly Clear
-123.18,49.2,VANCOUVER INT'L A,1108447,5/8/2008 17:00,2008,5,8,17:00,11.7,,3.5,,57,,,,27,,9,,48.3,,101.93,,,,,,Mostly Cloudy
-123.18,49.2,VANCOUVER INT'L A,1108447,5/8/2008 18:00,2008,5,8,18:00,11.4,,2.6,,55,,,,24,,9,,32.2,,101.92,,,,,,Mostly Cloudy
-123.18,49.2,VANCOUVER INT'L A,1108447,5/8/2008 19:00,2008,5,8,19:00,11.3,,1.8,,52,,,,20,,9,,48.3,,101.94,,,,,,Mostly Cloudy
-123.18,49.2,VANCOUVER INT'L A,1108447,5/8/2008 20:00,2008,5,8,20:00,10.8,,1.9,,54,,,,19,,7,,48.3,,101.94,,,,,,Mostly Cloudy
-123.18,49.2,VANCOUVER INT'L A,1108447,5/8/2008 21:00,2008,5,8,21:00,9.9,,2.6,,60,,,,16,,6,,48.3,,101.95,,,,,,Mostly Cloudy
-123.18,49.2,VANCOUVER INT'L A,1108447,5/8/2008 22:00,2008,5,8,22:00,8.9,,2.6,,65,,,,14,,4,,48.3,,101.96,,,,,,Mainly Clear
-123.18,49.2,VANCOUVER INT'L A,1108447,5/8/2008 23:00,2008,5,8,23:00,6.6,,1.9,,72,,,,11,,11,,32.2,,101.97,,,,,,Mainly Clear
-123.18,49.2,VANCOUVER INT'L A,1108447,5/9/2008 0:00,2008,5,9,0:00,5.9,,2.4,,78,,,,9,,9,,32.2,,101.96,,,,,,Mainly Clear
-123.18,49.2,VANCOUVER INT'L A,1108447,5/9/2008 1:00,2008,5,9,1:00,6.8,,3.1,,77,,,,10,,6,,32.2,,101.95,,,,,,Mainly Clear
-123.18,49.2,VANCOUVER INT'L A,1108447,5/9/2008 2:00,2008,5,9,2:00,6.4,,3.4,,81,,,,9,,6,,32.2,,101.96,,,,,,Mainly Clear
-123.18,49.2,VANCOUVER INT'L A,1108447,5/9/2008 3:00,2008,5,9,3:00,5.3,,2.8,,84,,,,9,,9,,32.2,,101.97,,,,,,Mainly Clear
-123.18,49.2,VANCOUVER INT'L A,1108447,5/9/2008 4:00,2008,5,9,4:00,5.9,,3.4,,84,,,,11,,7,,32.2,,102,,,,,,Mainly Clear
-123.18,49.2,VANCOUVER INT'L A,1108447,5/9/2008 5:00,2008,5,9,5:00,5.2,,2.9,,85,,,,9,,6,,32.2,,102.02,,,,,,Mainly Clear
-123.18,49.2,VANCOUVER INT'L A,1108447,5/9/2008 6:00,2008,5,9,6:00,7.4,,4.4,,81,,,,11,,6,,32.2,,102.03,,,,,,Mainly Clear
-123.18,49.2,VANCOUVER INT'L A,1108447,5/9/2008 7:00,2008,5,9,7:00,9,,4.4,,73,,,,10,,11,,32.2,,102.04,,,,,,Mainly Clear
-123.18,49.2,VANCOUVER INT'L A,1108447,5/9/2008 8:00,2008,5,9,8:00,10.5,,4.3,,65,,,,15,,6,,32.2,,102.06,,,,,,Mainly Clear
-123.18,49.2,VANCOUVER INT'L A,1108447,5/9/2008 9:00,2008,5,9,9:00,11.6,,4.9,,63,,,,16,,11,,32.2,,102.05,,,,,,Mainly Clear
-123.18,49.2,VANCOUVER INT'L A,1108447,5/9/2008 10:00,2008,5,9,10:00,13.1,,4.1,,54,,,,15,,11,,32.2,,102,,,,,,Mainly Clear
-123.18,49.2,VANCOUVER INT'L A,1108447,5/9/2008 11:00,2008,5,9,11:00,13.3,,4.4,,55,,,,14,,13,,32.2,,102.01,,,,,,Mainly Clear
-123.18,49.2,VANCOUVER INT'L A,1108447,5/9/2008 12:00,2008,5,9,12:00,13.7,,3.8,,51,,,,15,,15,,32.2,,101.98,,,,,,Mainly Clear
-123.18,49.2,VANCOUVER INT'L A,1108447,5/9/2008 13:00,2008,5,9,13:00,14.2,,4,,50,,,,21,,24,,32.2,,101.95,,,,,,Mainly Clear
-123.18,49.2,VANCOUVER INT'L A,1108447,5/9/2008 14:00,2008,5,9,14:00,14.2,,4.1,,51,,,,21,,22,,32.2,,101.91,,,,,,Mainly Clear
-123.18,49.2,VANCOUVER INT'L A,1108447,5/9/2008 15:00,2008,5,9,15:00,14.3,,2.8,,46,,,,18,,9,,32.2,,101.84,,,,,,Cloudy
-123.18,49.2,VANCOUVER INT'L A,1108447,5/9/2008 16:00,2008,5,9,16:00,14.4,,3,,46,,,,21,,17,,32.2,,101.81,,,,,,Cloudy
-123.18,49.2,VANCOUVER INT'L A,1108447,5/9/2008 17:00,2008,5,9,17:00,14.4,,3.8,,49,,,,16,,9,,32.2,,101.75,,,,,,Cloudy
-123.18,49.2,VANCOUVER INT'L A,1108447,5/9/2008 18:00,2008,5,9,18:00,13.5,,3.2,,50,,,,18,,17,,32.2,,101.7,,,,,,Cloudy
-123.18,49.2,VANCOUVER INT'L A,1108447,5/9/2008 19:00,2008,5,9,19:00,12.4,,2.1,,49,,,,15,,13,,32.2,,101.69,,,,,,Cloudy
-123.18,49.2,VANCOUVER INT'L A,1108447,5/9/2008 20:00,2008,5,9,20:00,10.9,,3.1,,59,,,,10,,13,,32.2,,101.69,,,,,,Cloudy
-123.18,49.2,VANCOUVER INT'L A,1108447,5/9/2008 21:00,2008,5,9,21:00,10.7,,3.5,,61,,,,11,,7,,32.2,,101.71,,,,,,Cloudy
-123.18,49.2,VANCOUVER INT'L A,1108447,5/9/2008 22:00,2008,5,9,22:00,10.6,,4.3,,65,,,,11,,9,,32.2,,101.66,,,,,,Cloudy
-123.18,49.2,VANCOUVER INT'L A,1108447,5/9/2008 23:00,2008,5,9,23:00,10.9,,3.5,,60,,,,11,,9,,32.2,,101.65,,,,,,Cloudy
-123.18,49.2,VANCOUVER INT'L A,1108447,5/10/2008 0:00,2008,5,10,0:00,11.6,,3.2,,56,,,,,,0,,24.1,,101.66,,,,,,Rain Showers
-123.18,49.2,VANCOUVER INT'L A,1108447,5/10/2008 1:00,2008,5,10,1:00,10.9,,5.9,,71,,,,8,,15,,24.1,,101.57,,,,,,Rain Showers
-123.18,49.2,VANCOUVER INT'L A,1108447,5/10/2008 2:00,2008,5,10,2:00,10.2,,5.6,,73,,,,9,,9,,24.1,,101.55,,,,,,Rain Showers
-123.18,49.2,VANCOUVER INT'L A,1108447,5/10/2008 3:00,2008,5,10,3:00,10,,5,,71,,,,11,,13,,24.1,,101.5,,,,,,Cloudy
-123.18,49.2,VANCOUVER INT'L A,1108447,5/10/2008 4:00,2008,5,10,4:00,10.5,,4.6,,67,,,,15,,9,,24.1,,101.49,,,,,,Cloudy
-123.18,49.2,VANCOUVER INT'L A,1108447,5/10/2008 5:00,2008,5,10,5:00,9.6,,5.1,,73,,,,10,,13,,24.1,,101.48,,,,,,Cloudy
-123.18,49.2,VANCOUVER INT'L A,1108447,5/10/2008 6:00,2008,5,10,6:00,10,,5.6,,74,,,,10,,11,,24.1,,101.48,,,,,,Rain Showers
-123.18,49.2,VANCOUVER INT'L A,1108447,5/10/2008 7:00,2008,5,10,7:00,10.6,,5.4,,70,,,,11,,13,,24.1,,101.49,,,,,,Rain Showers
-123.18,49.2,VANCOUVER INT'L A,1108447,5/10/2008 8:00,2008,5,10,8:00,11.5,,5.7,,68,,,,13,,11,,24.1,,101.5,,,,,,Cloudy
-123.18,49.2,VANCOUVER INT'L A,1108447,5/10/2008 9:00,2008,5,10,9:00,12.1,,4.7,,61,,,,13,,13,,24.1,,101.46,,,,,,Cloudy
-123.18,49.2,VANCOUVER INT'L A,1108447,5/10/2008 10:00,2008,5,10,10:00,12.3,,4.9,,61,,,,12,,13,,24.1,,101.48,,,,,,Cloudy
-123.18,49.2,VANCOUVER INT'L A,1108447,5/10/2008 11:00,2008,5,10,11:00,12.5,,4.7,,59,,,,13,,17,,24.1,,101.49,,,,,,Cloudy
-123.18,49.2,VANCOUVER INT'L A,1108447,5/10/2008 12:00,2008,5,10,12:00,13.5,,5,,56,,,,12,,17,,24.1,,101.43,,,,,,Cloudy
-123.18,49.2,VANCOUVER INT'L A,1108447,5/10/2008 13:00,2008,5,10,13:00,12.9,,5.7,,62,,,,10,,15,,24.1,,101.4,,,,,,Cloudy
-123.18,49.2,VANCOUVER INT'L A,1108447,5/10/2008 14:00,2008,5,10,14:00,13,,6.3,,64,,,,6,,9,,24.1,,101.39,,,,,,Cloudy
-123.18,49.2,VANCOUVER INT'L A,1108447,5/10/2008 15:00,2008,5,10,15:00,12.1,,7,,71,,,,11,,19,,24.1,,101.35,,,,,,Rain Showers
-123.18,49.2,VANCOUVER INT'L A,1108447,5/10/2008 16:00,2008,5,10,16:00,11.6,,7,,73,,,,10,,17,,24.1,,101.28,,,,,,Cloudy
-123.18,49.2,VANCOUVER INT'L A,1108447,5/10/2008 17:00,2008,5,10,17:00,11.7,,7.3,,74,,,,9,,19,,19.3,,101.19,,,,,,Rain Showers
-123.18,49.2,VANCOUVER INT'L A,1108447,5/10/2008 18:00,2008,5,10,18:00,11.7,,7,,73,,,,8,,9,,19.3,,101.12,,,,,,Rain Showers
-123.18,49.2,VANCOUVER INT'L A,1108447,5/10/2008 19:00,2008,5,10,19:00,11.3,,7.9,,80,,,,4,,11,,19.3,,101.06,,,,,,Rain Showers
-123.18,49.2,VANCOUVER INT'L A,1108447,5/10/2008 20:00,2008,5,10,20:00,10.9,,7.5,,80,,,,8,,9,,19.3,,101.04,,,,,,Cloudy
-123.18,49.2,VANCOUVER INT'L A,1108447,5/10/2008 21:00,2008,5,10,21:00,10.6,,7.9,,83,,,,,,0,,19.3,,101.05,,,,,,Drizzle
-123.18,49.2,VANCOUVER INT'L A,1108447,5/10/2008 22:00,2008,5,10,22:00,9.9,,7.9,,87,,,,12,,11,,24.1,,101.04,,,,,,Rain Showers
-123.18,49.2,VANCOUVER INT'L A,1108447,5/10/2008 23:00,2008,5,10,23:00,10.1,,7.9,,86,,,,20,,6,,24.1,,101.04,,,,,,Rain Showers
-123.18,49.2,VANCOUVER INT'L A,1108447,5/11/2008 0:00,2008,5,11,0:00,10.1,,6.2,,77,,,,25,,26,,24.1,,101.11,,,,,,Cloudy
-123.18,49.2,VANCOUVER INT'L A,1108447,5/11/2008 1:00,2008,5,11,1:00,9.1,,6.2,,82,,,,27,,30,,24.1,,101.18,,,,,,Rain Showers
-123.18,49.2,VANCOUVER INT'L A,1108447,5/11/2008 2:00,2008,5,11,2:00,9.2,,5.8,,79,,,,28,,37,,24.1,,101.23,,,,,,Cloudy
-123.18,49.2,VANCOUVER INT'L A,1108447,5/11/2008 3:00,2008,5,11,3:00,9.1,,5.1,,76,,,,27,,35,,24.1,,101.32,,,,,,Cloudy
-123.18,49.2,VANCOUVER INT'L A,1108447,5/11/2008 4:00,2008,5,11,4:00,9,,5.5,,79,,,,27,,24,,24.1,,101.39,,,,,,Rain Showers
-123.18,49.2,VANCOUVER INT'L A,1108447,5/11/2008 5:00,2008,5,11,5:00,8.7,,5.1,,78,,,,28,,26,,24.1,,101.45,,,,,,Rain Showers
-123.18,49.2,VANCOUVER INT'L A,1108447,5/11/2008 6:00,2008,5,11,6:00,8.5,,4.5,,76,,,,27,,30,,24.1,,101.5,,,,,,Rain Showers
-123.18,49.2,VANCOUVER INT'L A,1108447,5/11/2008 7:00,2008,5,11,7:00,8.8,,4.4,,74,,,,28,,30,,24.1,,101.57,,,,,,Rain Showers
-123.18,49.2,VANCOUVER INT'L A,1108447,5/11/2008 8:00,2008,5,11,8:00,8.7,,4.4,,74,,,,30,,32,,24.1,,101.62,,,,,,Cloudy
-123.18,49.2,VANCOUVER INT'L A,1108447,5/11/2008 9:00,2008,5,11,9:00,10,,4.5,,69,,,,29,,28,,24.1,,101.65,,,,,,Cloudy
-123.18,49.2,VANCOUVER INT'L A,1108447,5/11/2008 10:00,2008,5,11,10:00,9.9,,4.4,,69,,,,28,,28,,48.3,,101.71,,,,,,Cloudy
-123.18,49.2,VANCOUVER INT'L A,1108447,5/11/2008 11:00,2008,5,11,11:00,11,,4.9,,66,,,,26,,26,,48.3,,101.75,,,,,,Mostly Cloudy
-123.18,49.2,VANCOUVER INT'L A,1108447,5/11/2008 12:00,2008,5,11,12:00,11,,4.9,,66,,,,26,,26,,48.3,,101.8,,,,,,Mostly Cloudy
-123.18,49.2,VANCOUVER INT'L A,1108447,5/11/2008 13:00,2008,5,11,13:00,11.5,,4.4,,62,,,,24,,20,,48.3,,101.82,,,,,,Mostly Cloudy
-123.18,49.2,VANCOUVER INT'L A,1108447,5/11/2008 14:00,2008,5,11,14:00,11.6,,3.6,,58,,,,23,,22,,48.3,,101.84,,,,,,Mostly Cloudy
-123.18,49.2,VANCOUVER INT'L A,1108447,5/11/2008 15:00,2008,5,11,15:00,11.4,,3.8,,60,,,,21,,22,,48.3,,101.85,,,,,,Mostly Cloudy
-123.18,49.2,VANCOUVER INT'L A,1108447,5/11/2008 16:00,2008,5,11,16:00,12.4,,3.8,,56,,,,23,,19,,48.3,,101.86,,,,,,Mostly Cloudy
-123.18,49.2,VANCOUVER INT'L A,1108447,5/11/2008 17:00,2008,5,11,17:00,12.3,,3.9,,56,,,,22,,17,,48.3,,101.88,,,,,,Mostly Cloudy
-123.18,49.2,VANCOUVER INT'L A,1108447,5/11/2008 18:00,2008,5,11,18:00,11.7,,3.1,,56,,,,23,,15,,48.3,,101.88,,,,,,Mostly Cloudy
-123.18,49.2,VANCOUVER INT'L A,1108447,5/11/2008 19:00,2008,5,11,19:00,11.2,,3.9,,61,,,,23,,17,,48.3,,101.9,,,,,,Mostly Cloudy
-123.18,49.2,VANCOUVER INT'L A,1108447,5/11/2008 20:00,2008,5,11,20:00,10.2,,4.1,,66,,,,24,,13,,48.3,,101.94,,,,,,Mostly Cloudy
-123.18,49.2,VANCOUVER INT'L A,1108447,5/11/2008 21:00,2008,5,11,21:00,9.9,,5,,72,,,,25,,15,,48.3,,101.99,,,,,,Mainly Clear
-123.18,49.2,VANCOUVER INT'L A,1108447,5/11/2008 22:00,2008,5,11,22:00,7.6,,3.3,,74,,,,26,,13,,48.3,,102.02,,,,,,Mainly Clear
-123.18,49.2,VANCOUVER INT'L A,1108447,5/11/2008 23:00,2008,5,11,23:00,9.2,,3.9,,69,,,,,,0,,48.3,,102.04,,,,,,Mainly Clear
-123.18,49.2,VANCOUVER INT'L A,1108447,5/12/2008 0:00,2008,5,12,0:00,8.4,,4.1,,74,,,,31,,7,,48.3,,102.06,,,,,,Mainly Clear
-123.18,49.2,VANCOUVER INT'L A,1108447,5/12/2008 1:00,2008,5,12,1:00,6.8,,3.6,,80,,,,7,,6,,32.2,,102.09,,,,,,Mainly Clear
-123.18,49.2,VANCOUVER INT'L A,1108447,5/12/2008 2:00,2008,5,12,2:00,5.6,,3.3,,85,,,,10,,11,,32.2,,102.11,,,,,,Mainly Clear
-123.18,49.2,VANCOUVER INT'L A,1108447,5/12/2008 3:00,2008,5,12,3:00,6,,3.9,,86,,,,10,,9,,32.2,,102.13,,,,,,Mostly Cloudy
-123.18,49.2,VANCOUVER INT'L A,1108447,5/12/2008 4:00,2008,5,12,4:00,6.6,,4.4,,86,,,,11,,11,,24.1,,102.17,,,,,,Mostly Cloudy
-123.18,49.2,VANCOUVER INT'L A,1108447,5/12/2008 5:00,2008,5,12,5:00,6.8,,4.3,,84,,,,10,,13,,24.1,,102.19,,,,,,Mostly Cloudy
-123.18,49.2,VANCOUVER INT'L A,1108447,5/12/2008 6:00,2008,5,12,6:00,7.3,,4.2,,81,,,,10,,11,,24.1,,102.22,,,,,,Mostly Cloudy
-123.18,49.2,VANCOUVER INT'L A,1108447,5/12/2008 7:00,2008,5,12,7:00,9,,5.3,,78,,,,10,,15,,24.1,,102.27,,,,,,Mainly Clear
-123.18,49.2,VANCOUVER INT'L A,1108447,5/12/2008 8:00,2008,5,12,8:00,9.8,,5.4,,74,,,,12,,11,,24.1,,102.26,,,,,,Mostly Cloudy
-123.18,49.2,VANCOUVER INT'L A,1108447,5/12/2008 9:00,2008,5,12,9:00,11.2,,5.8,,69,,,,15,,13,,24.1,,102.26,,,,,,Mostly Cloudy
-123.18,49.2,VANCOUVER INT'L A,1108447,5/12/2008 10:00,2008,5,12,10:00,11.8,,5.2,,64,,,,15,,13,,24.1,,102.22,,,,,,Mostly Cloudy
-123.18,49.2,VANCOUVER INT'L A,1108447,5/12/2008 11:00,2008,5,12,11:00,12.8,,5.3,,60,,,,14,,13,,24.1,,102.21,,,,,,Cloudy
-123.18,49.2,VANCOUVER INT'L A,1108447,5/12/2008 12:00,2008,5,12,12:00,12.9,,4.2,,55,,,,22,,22,,24.1,,102.19,,,,,,Cloudy
-123.18,49.2,VANCOUVER INT'L A,1108447,5/12/2008 13:00,2008,5,12,13:00,13.5,,4.2,,53,,,,23,,17,,24.1,,102.18,,,,,,Cloudy
-123.18,49.2,VANCOUVER INT'L A,1108447,5/12/2008 14:00,2008,5,12,14:00,14.5,,3.8,,49,,,,23,,15,,24.1,,102.18,,,,,,Cloudy
-123.18,49.2,VANCOUVER INT'L A,1108447,5/12/2008 15:00,2008,5,12,15:00,13.6,,4.3,,53,,,,26,,11,,24.1,,102.17,,,,,,Cloudy
-123.18,49.2,VANCOUVER INT'L A,1108447,5/12/2008 16:00,2008,5,12,16:00,13.6,,2.9,,48,,,,24,,13,,24.1,,102.16,,,,,,Cloudy
-123.18,49.2,VANCOUVER INT'L A,1108447,5/12/2008 17:00,2008,5,12,17:00,13.4,,2.5,,48,,,,18,,13,,24.1,,102.16,,,,,,Cloudy
-123.18,49.2,VANCOUVER INT'L A,1108447,5/12/2008 18:00,2008,5,12,18:00,12.9,,2.4,,49,,,,17,,17,,24.1,,102.09,,,,,,Cloudy
-123.18,49.2,VANCOUVER INT'L A,1108447,5/12/2008 19:00,2008,5,12,19:00,12.4,,2.4,,50,,,,17,,15,,24.1,,102.07,,,,,,Cloudy
-123.18,49.2,VANCOUVER INT'L A,1108447,5/12/2008 20:00,2008,5,12,20:00,11.6,,2.1,,52,,,,15,,7,,24.1,,102.08,,,,,,Cloudy
-123.18,49.2,VANCOUVER INT'L A,1108447,5/12/2008 21:00,2008,5,12,21:00,10.4,,3.5,,62,,,,11,,9,,24.1,,102.06,,,,,,Cloudy
-123.18,49.2,VANCOUVER INT'L A,1108447,5/12/2008 22:00,2008,5,12,22:00,10.4,,4,,64,,,,10,,11,,24.1,,102.05,,,,,,Cloudy
-123.18,49.2,VANCOUVER INT'L A,1108447,5/12/2008 23:00,2008,5,12,23:00,10.7,,4,,63,,,,9,,11,,24.1,,102.04,,,,,,Cloudy
-123.18,49.2,VANCOUVER INT'L A,1108447,5/13/2008 0:00,2008,5,13,0:00,10.6,,4.3,,65,,,,9,,9,,24.1,,102.02,,,,,,Cloudy
-123.18,49.2,VANCOUVER INT'L A,1108447,5/13/2008 1:00,2008,5,13,1:00,10.2,,4.4,,67,,,,11,,9,,24.1,,102,,,,,,Cloudy
-123.18,49.2,VANCOUVER INT'L A,1108447,5/13/2008 2:00,2008,5,13,2:00,10.3,,3.9,,64,,,,9,,4,,24.1,,102.03,,,,,,Cloudy
-123.18,49.2,VANCOUVER INT'L A,1108447,5/13/2008 3:00,2008,5,13,3:00,9.8,,4.5,,70,,,,9,,7,,24.1,,102,,,,,,Cloudy
-123.18,49.2,VANCOUVER INT'L A,1108447,5/13/2008 4:00,2008,5,13,4:00,9.5,,4.4,,70,,,,11,,7,,24.1,,101.91,,,,,,Cloudy
-123.18,49.2,VANCOUVER INT'L A,1108447,5/13/2008 5:00,2008,5,13,5:00,9.4,,5.2,,75,,,,10,,7,,19.3,,101.92,,,,,,Rain Showers
-123.18,49.2,VANCOUVER INT'L A,1108447,5/13/2008 6:00,2008,5,13,6:00,9.5,,5.6,,77,,,,7,,15,,19.3,,101.9,,,,,,Rain Showers
-123.18,49.2,VANCOUVER INT'L A,1108447,5/13/2008 7:00,2008,5,13,7:00,9.2,,6.1,,81,,,,7,,13,,12.9,,101.94,,,,,,Rain
-123.18,49.2,VANCOUVER INT'L A,1108447,5/13/2008 8:00,2008,5,13,8:00,8.9,,6.1,,83,,,,7,,17,,12.9,,101.92,,,,,,Rain
-123.18,49.2,VANCOUVER INT'L A,1108447,5/13/2008 9:00,2008,5,13,9:00,8.7,,6.3,,85,,,,7,,20,,12.9,,101.88,,,,,,Rain
-123.18,49.2,VANCOUVER INT'L A,1108447,5/13/2008 10:00,2008,5,13,10:00,9.1,,7,,87,,,,8,,20,,12.9,,101.88,,,,,,Rain
-123.18,49.2,VANCOUVER INT'L A,1108447,5/13/2008 11:00,2008,5,13,11:00,9,,7.1,,88,,,,9,,15,,12.9,,101.88,,,,,,Rain
-123.18,49.2,VANCOUVER INT'L A,1108447,5/13/2008 12:00,2008,5,13,12:00,9,,6.9,,87,,,,9,,19,,12.9,,101.87,,,,,,Rain
-123.18,49.2,VANCOUVER INT'L A,1108447,5/13/2008 13:00,2008,5,13,13:00,9.2,,7.3,,88,,,,9,,17,,12.9,,101.86,,,,,,Rain
-123.18,49.2,VANCOUVER INT'L A,1108447,5/13/2008 14:00,2008,5,13,14:00,9,,7.4,,90,,,,8,,19,,3.2,,101.92,,,,,,"Rain,Fog"
-123.18,49.2,VANCOUVER INT'L A,1108447,5/13/2008 15:00,2008,5,13,15:00,9.6,,7.9,,89,,,,8,,15,,8,,101.91,,,,,,"Rain,Fog"
-123.18,49.2,VANCOUVER INT'L A,1108447,5/13/2008 16:00,2008,5,13,16:00,9.9,,8.2,,89,,,,10,,15,,19.3,,101.9,,,,,,Rain
-123.18,49.2,VANCOUVER INT'L A,1108447,5/13/2008 17:00,2008,5,13,17:00,9.5,,8,,90,,,,9,,15,,4.8,,101.95,,,,,,"Rain,Fog"
-123.18,49.2,VANCOUVER INT'L A,1108447,5/13/2008 18:00,2008,5,13,18:00,9.7,,8.3,,91,,,,10,,15,,4.8,,101.94,,,,,,"Rain,Fog"
-123.18,49.2,VANCOUVER INT'L A,1108447,5/13/2008 19:00,2008,5,13,19:00,9.7,,8.3,,91,,,,9,,13,,4.8,,101.95,,,,,,"Rain,Fog"
-123.18,49.2,VANCOUVER INT'L A,1108447,5/13/2008 20:00,2008,5,13,20:00,9.7,,8.4,,92,,,,10,,9,,6.4,,101.98,,,,,,"Rain,Fog"
-123.18,49.2,VANCOUVER INT'L A,1108447,5/13/2008 21:00,2008,5,13,21:00,9.7,,8.4,,92,,,,8,,13,,6.4,,102.04,,,,,,"Rain,Fog"
-123.18,49.2,VANCOUVER INT'L A,1108447,5/13/2008 22:00,2008,5,13,22:00,9.7,,8.4,,92,,,,9,,13,,6.4,,102.06,,,,,,"Rain,Fog"
-123.18,49.2,VANCOUVER INT'L A,1108447,5/13/2008 23:00,2008,5,13,23:00,9.6,,8.3,,92,,,,8,,11,,4.8,,102.09,,,,,,"Rain,Fog"
-123.18,49.2,VANCOUVER INT'L A,1108447,5/14/2008 0:00,2008,5,14,0:00,9.5,,8.1,,91,,,,9,,11,,4.8,,102.14,,,,,,"Rain,Fog"
-123.18,49.2,VANCOUVER INT'L A,1108447,5/14/2008 1:00,2008,5,14,1:00,9.4,,8.1,,92,,,,9,,11,,6.4,,102.19,,,,,,"Rain,Fog"
-123.18,49.2,VANCOUVER INT'L A,1108447,5/14/2008 2:00,2008,5,14,2:00,9.4,,8.3,,93,,,,10,,11,,8,,102.23,,,,,,"Rain,Fog"
-123.18,49.2,VANCOUVER INT'L A,1108447,5/14/2008 3:00,2008,5,14,3:00,9.4,,8.3,,93,,,,11,,11,,8,,102.29,,,,,,"Rain,Fog"
-123.18,49.2,VANCOUVER INT'L A,1108447,5/14/2008 4:00,2008,5,14,4:00,9.2,,8,,92,,,,11,,9,,6.4,,102.38,,,,,,"Rain,Fog"
-123.18,49.2,VANCOUVER INT'L A,1108447,5/14/2008 5:00,2008,5,14,5:00,9.3,,8.1,,92,,,,10,,13,,4,,102.41,,,,,,"Rain,Fog"
-123.18,49.2,VANCOUVER INT'L A,1108447,5/14/2008 6:00,2008,5,14,6:00,9.5,,8.3,,92,,,,10,,15,,3.6,,102.5,,,,,,"Rain,Fog"
-123.18,49.2,VANCOUVER INT'L A,1108447,5/14/2008 7:00,2008,5,14,7:00,10,,8.9,,93,,,,10,,15,,3.2,,102.58,,,,,,"Drizzle,Fog"
-123.18,49.2,VANCOUVER INT'L A,1108447,5/14/2008 8:00,2008,5,14,8:00,10.9,,9.6,,92,,,,10,,19,,3.2,,102.65,,,,,,"Drizzle,Fog"
-123.18,49.2,VANCOUVER INT'L A,1108447,5/14/2008 9:00,2008,5,14,9:00,11.4,,10.2,,92,,,,9,,15,,3.6,,102.73,,,,,,"Drizzle,Fog"
-123.18,49.2,VANCOUVER INT'L A,1108447,5/14/2008 10:00,2008,5,14,10:00,11.7,,10.3,,91,,,,11,,13,,3.2,,102.79,,,,,,"Drizzle,Fog"
-123.18,49.2,VANCOUVER INT'L A,1108447,5/14/2008 11:00,2008,5,14,11:00,12.6,,11.2,,91,,,,11,,13,,4,,102.87,,,,,,"Drizzle,Fog"
-123.18,49.2,VANCOUVER INT'L A,1108447,5/14/2008 12:00,2008,5,14,12:00,12.9,,11.4,,91,,,,13,,15,,4.8,,102.96,,,,,,"Drizzle,Fog"
-123.18,49.2,VANCOUVER INT'L A,1108447,5/14/2008 13:00,2008,5,14,13:00,13.3,,11.7,,90,,,,13,,9,,8,,103.03,,,,,,Fog
-123.18,49.2,VANCOUVER INT'L A,1108447,5/14/2008 14:00,2008,5,14,14:00,13.4,,11.2,,87,,,,14,,11,,19.3,,103.1,,,,,,Cloudy
-123.18,49.2,VANCOUVER INT'L A,1108447,5/14/2008 15:00,2008,5,14,15:00,14.3,,11.3,,82,,,,13,,6,,19.3,,103.14,,,,,,Cloudy
-123.18,49.2,VANCOUVER INT'L A,1108447,5/14/2008 16:00,2008,5,14,16:00,13.1,,10.4,,84,,,,26,,9,,19.3,,103.17,,,,,,Cloudy
-123.18,49.2,VANCOUVER INT'L A,1108447,5/14/2008 17:00,2008,5,14,17:00,14.5,,11.5,,82,,,,29,,11,,24.1,,103.17,,,,,,Mostly Cloudy
-123.18,49.2,VANCOUVER INT'L A,1108447,5/14/2008 18:00,2008,5,14,18:00,13.7,,10.6,,82,,,,31,,9,,24.1,,103.19,,,,,,Mainly Clear
-123.18,49.2,VANCOUVER INT'L A,1108447,5/14/2008 19:00,2008,5,14,19:00,12.7,,10,,84,,,,29,,7,,24.1,,103.21,,,,,,Mainly Clear
-123.18,49.2,VANCOUVER INT'L A,1108447,5/14/2008 20:00,2008,5,14,20:00,11.9,,9.9,,88,,,,30,,7,,24.1,,103.24,,,,,,Mostly Cloudy
-123.18,49.2,VANCOUVER INT'L A,1108447,5/14/2008 21:00,2008,5,14,21:00,11.9,,10.1,,89,,,,32,,4,,24.1,,103.31,,,,,,Cloudy
-123.18,49.2,VANCOUVER INT'L A,1108447,5/14/2008 22:00,2008,5,14,22:00,12.6,,10.3,,86,,,,5,,6,,24.1,,103.32,,,,,,Cloudy
-123.18,49.2,VANCOUVER INT'L A,1108447,5/14/2008 23:00,2008,5,14,23:00,12.9,,10.5,,85,,,,,,0,,24.1,,103.31,,,,,,Cloudy
-123.18,49.2,VANCOUVER INT'L A,1108447,5/15/2008 0:00,2008,5,15,0:00,13.2,,10.9,,86,,,,4,,4,,24.1,,103.31,,,,,,Cloudy
-123.18,49.2,VANCOUVER INT'L A,1108447,5/15/2008 1:00,2008,5,15,1:00,12.4,,10.1,,86,,,,30,,4,,24.1,,103.33,,,,,,Cloudy
-123.18,49.2,VANCOUVER INT'L A,1108447,5/15/2008 2:00,2008,5,15,2:00,12,,10.3,,89,,,,30,,7,,24.1,,103.31,,,,,,Cloudy
-123.18,49.2,VANCOUVER INT'L A,1108447,5/15/2008 3:00,2008,5,15,3:00,12,,10.4,,90,,,,32,,7,,24.1,,103.31,,,,,,Cloudy
-123.18,49.2,VANCOUVER INT'L A,1108447,5/15/2008 4:00,2008,5,15,4:00,12,,10.1,,88,,,,31,,11,,24.1,,103.28,,,,,,Cloudy
-123.18,49.2,VANCOUVER INT'L A,1108447,5/15/2008 5:00,2008,5,15,5:00,11.9,,10.3,,90,,,,29,,13,,24.1,,103.27,,,,,,Cloudy
-123.18,49.2,VANCOUVER INT'L A,1108447,5/15/2008 6:00,2008,5,15,6:00,12.2,,10.6,,90,,,,31,,11,,24.1,,103.29,,,,,,Cloudy
-123.18,49.2,VANCOUVER INT'L A,1108447,5/15/2008 7:00,2008,5,15,7:00,12.8,,10.4,,85,,,,30,,13,,24.1,,103.3,,,,,,Cloudy
-123.18,49.2,VANCOUVER INT'L A,1108447,5/15/2008 8:00,2008,5,15,8:00,13,,11,,88,,,,31,,11,,24.1,,103.29,,,,,,Cloudy
-123.18,49.2,VANCOUVER INT'L A,1108447,5/15/2008 9:00,2008,5,15,9:00,13.8,,10.4,,80,,,,31,,13,,24.1,,103.27,,,,,,Cloudy
-123.18,49.2,VANCOUVER INT'L A,1108447,5/15/2008 10:00,2008,5,15,10:00,14.2,,11,,81,,,,30,,17,,32.2,,103.23,,,,,,Cloudy
-123.18,49.2,VANCOUVER INT'L A,1108447,5/15/2008 11:00,2008,5,15,11:00,15,,11.9,,82,,,,30,,15,,32.2,,103.16,,,,,,Mostly Cloudy
-123.18,49.2,VANCOUVER INT'L A,1108447,5/15/2008 12:00,2008,5,15,12:00,15.3,,11.9,,80,,,,30,,24,,32.2,,103.11,,,,,,Mainly Clear
-123.18,49.2,VANCOUVER INT'L A,1108447,5/15/2008 13:00,2008,5,15,13:00,15.6,,11.8,,78,,,,29,,24,,32.2,,103.05,,,,,,Mainly Clear
-123.18,49.2,VANCOUVER INT'L A,1108447,5/15/2008 14:00,2008,5,15,14:00,15.5,,11.5,,77,,,,30,,26,,48.3,,102.99,,,,,,Mainly Clear
-123.18,49.2,VANCOUVER INT'L A,1108447,5/15/2008 15:00,2008,5,15,15:00,15.5,,11.2,,76,,,,30,,26,,48.3,,102.92,,,,,,Mainly Clear
-123.18,49.2,VANCOUVER INT'L A,1108447,5/15/2008 16:00,2008,5,15,16:00,15.3,,11,,76,,,,31,,20,,48.3,,102.82,,,,,,Clear
-123.18,49.2,VANCOUVER INT'L A,1108447,5/15/2008 17:00,2008,5,15,17:00,15.3,,11.4,,78,,,,32,,20,,48.3,,102.74,,,,,,Clear
-123.18,49.2,VANCOUVER INT'L A,1108447,5/15/2008 18:00,2008,5,15,18:00,15.3,,11.4,,78,,,,32,,15,,48.3,,102.65,,,,,,Clear
-123.18,49.2,VANCOUVER INT'L A,1108447,5/15/2008 19:00,2008,5,15,19:00,14.2,,10.8,,80,,,,30,,9,,48.3,,102.57,,,,,,Clear
-123.18,49.2,VANCOUVER INT'L A,1108447,5/15/2008 20:00,2008,5,15,20:00,12.3,,9.9,,85,,,,31,,13,,48.3,,102.53,,,,,,Clear
-123.18,49.2,VANCOUVER INT'L A,1108447,5/15/2008 21:00,2008,5,15,21:00,12.4,,10.1,,86,,,,32,,7,,48.3,,102.53,,,,,,Clear
-123.18,49.2,VANCOUVER INT'L A,1108447,5/15/2008 22:00,2008,5,15,22:00,13.1,,10.1,,82,,,,36,,6,,48.3,,102.5,,,,,,Clear
-123.18,49.2,VANCOUVER INT'L A,1108447,5/15/2008 23:00,2008,5,15,23:00,12.6,,9.6,,82,,,,21,,4,,48.3,,102.46,,,,,,Clear
-123.18,49.2,VANCOUVER INT'L A,1108447,5/16/2008 0:00,2008,5,16,0:00,11.3,,9.2,,87,,,,29,,6,,48.3,,102.44,,,,,,Clear
-123.18,49.2,VANCOUVER INT'L A,1108447,5/16/2008 1:00,2008,5,16,1:00,11.7,,9.2,,85,,,,3,,6,,48.3,,102.43,,,,,,Clear
-123.18,49.2,VANCOUVER INT'L A,1108447,5/16/2008 2:00,2008,5,16,2:00,10.8,,8.4,,85,,,,,,0,,48.3,,102.4,,,,,,Clear
-123.18,49.2,VANCOUVER INT'L A,1108447,5/16/2008 3:00,2008,5,16,3:00,10.7,,7.7,,82,,,,,,0,,48.3,,102.37,,,,,,Mainly Clear
-123.18,49.2,VANCOUVER INT'L A,1108447,5/16/2008 4:00,2008,5,16,4:00,9.5,,7,,84,,,,,,0,,48.3,,102.35,,,,,,Mainly Clear
-123.18,49.2,VANCOUVER INT'L A,1108447,5/16/2008 5:00,2008,5,16,5:00,10,,7,,82,,,,9,,4,,48.3,,102.36,,,,,,Mainly Clear
-123.18,49.2,VANCOUVER INT'L A,1108447,5/16/2008 6:00,2008,5,16,6:00,11.7,,9,,83,,,,,,0,,48.3,,102.35,,,,,,Mainly Clear
-123.18,49.2,VANCOUVER INT'L A,1108447,5/16/2008 7:00,2008,5,16,7:00,14.1,,9.7,,75,,,,,,0,,48.3,,102.33,,,,,,Mainly Clear
-123.18,49.2,VANCOUVER INT'L A,1108447,5/16/2008 8:00,2008,5,16,8:00,15.9,,9.9,,68,,,,26,,9,,48.3,,102.3,,,,,,Mainly Clear
-123.18,49.2,VANCOUVER INT'L A,1108447,5/16/2008 9:00,2008,5,16,9:00,15.6,,10.3,,71,,,,29,,13,,48.3,,102.27,,,,,,Mainly Clear
-123.18,49.2,VANCOUVER INT'L A,1108447,5/16/2008 10:00,2008,5,16,10:00,16.4,,10.8,,69,,,,31,,19,,48.3,,102.24,,,,,,Mainly Clear
-123.18,49.2,VANCOUVER INT'L A,1108447,5/16/2008 11:00,2008,5,16,11:00,17.6,,11.9,,69,,,,30,,20,,48.3,,102.19,,,,,,Mostly Cloudy
-123.18,49.2,VANCOUVER INT'L A,1108447,5/16/2008 12:00,2008,5,16,12:00,18.2,,12.9,,71,,,,29,,22,,48.3,,102.15,,,,,,Mostly Cloudy
-123.18,49.2,VANCOUVER INT'L A,1108447,5/16/2008 13:00,2008,5,16,13:00,18.3,,12,,67,,,,31,,20,,48.3,,102.07,,,,,,Mostly Cloudy
-123.18,49.2,VANCOUVER INT'L A,1108447,5/16/2008 14:00,2008,5,16,14:00,18.2,,11.5,,65,,,,31,,19,,48.3,,102,,,,,,Cloudy
-123.18,49.2,VANCOUVER INT'L A,1108447,5/16/2008 15:00,2008,5,16,15:00,17.9,,11.9,,68,,,,30,,20,,48.3,,101.93,,,,,,Mostly Cloudy
-123.18,49.2,VANCOUVER INT'L A,1108447,5/16/2008 16:00,2008,5,16,16:00,18.8,,12,,65,,,,32,,19,,48.3,,101.83,,,,,,Mainly Clear
-123.18,49.2,VANCOUVER INT'L A,1108447,5/16/2008 17:00,2008,5,16,17:00,18.8,,12.4,,66,,,,31,,15,,48.3,,101.75,,,,,,Mainly Clear
-123.18,49.2,VANCOUVER INT'L A,1108447,5/16/2008 18:00,2008,5,16,18:00,17.6,,11.8,,69,,,,27,,13,,48.3,,101.68,,,,,,Mainly Clear
-123.18,49.2,VANCOUVER INT'L A,1108447,5/16/2008 19:00,2008,5,16,19:00,16.6,,11.5,,72,,,,29,,9,,48.3,,101.64,,,,,,Mainly Clear
-123.18,49.2,VANCOUVER INT'L A,1108447,5/16/2008 20:00,2008,5,16,20:00,15.6,,10.5,,72,,,,29,,9,,48.3,,101.64,,,,,,Mainly Clear
-123.18,49.2,VANCOUVER INT'L A,1108447,5/16/2008 21:00,2008,5,16,21:00,15.2,,10.7,,74,,,,29,,7,,32.2,,101.66,,,,,,Mainly Clear
-123.18,49.2,VANCOUVER INT'L A,1108447,5/16/2008 22:00,2008,5,16,22:00,14.8,,10.8,,77,,,,36,,7,,32.2,,101.66,,,,,,Mainly Clear
-123.18,49.2,VANCOUVER INT'L A,1108447,5/16/2008 23:00,2008,5,16,23:00,15.7,,10.4,,71,,,,11,,7,,32.2,,101.66,,,,,,Mainly Clear
-123.18,49.2,VANCOUVER INT'L A,1108447,5/17/2008 0:00,2008,5,17,0:00,13.1,,9.1,,77,,,,,,0,,32.2,,101.67,,,,,,Mainly Clear
-123.18,49.2,VANCOUVER INT'L A,1108447,5/17/2008 1:00,2008,5,17,1:00,13.3,,8.4,,72,,,,1,,7,,32.2,,101.69,,,,,,Mainly Clear
-123.18,49.2,VANCOUVER INT'L A,1108447,5/17/2008 2:00,2008,5,17,2:00,14.7,,7.7,,63,,,,13,,7,,32.2,,101.66,,,,,,Mainly Clear
-123.18,49.2,VANCOUVER INT'L A,1108447,5/17/2008 3:00,2008,5,17,3:00,14,,6.1,,59,,,,36,,4,,32.2,,101.67,,,,,,Mainly Clear
-123.18,49.2,VANCOUVER INT'L A,1108447,5/17/2008 4:00,2008,5,17,4:00,13.7,,6.2,,60,,,,,,0,,32.2,,101.69,,,,,,Mainly Clear
-123.18,49.2,VANCOUVER INT'L A,1108447,5/17/2008 5:00,2008,5,17,5:00,13,,6.7,,66,,,,,,0,,32.2,,101.71,,,,,,Mostly Cloudy
-123.18,49.2,VANCOUVER INT'L A,1108447,5/17/2008 6:00,2008,5,17,6:00,14.6,,9.1,,70,,,,,,0,,32.2,,101.72,,,,,,Mostly Cloudy
-123.18,49.2,VANCOUVER INT'L A,1108447,5/17/2008 7:00,2008,5,17,7:00,18,,7.3,,50,,,,,,0,,48.3,,101.71,,,,,,Mainly Clear
-123.18,49.2,VANCOUVER INT'L A,1108447,5/17/2008 8:00,2008,5,17,8:00,20.3,,7.4,,43,,,,14,,6,,48.3,,101.67,,,,,,Mainly Clear
-123.18,49.2,VANCOUVER INT'L A,1108447,5/17/2008 9:00,2008,5,17,9:00,19.8,,10.7,,56,,,,27,,9,,48.3,,101.66,,,,,,Mostly Cloudy
-123.18,49.2,VANCOUVER INT'L A,1108447,5/17/2008 10:00,2008,5,17,10:00,21.2,,11.3,,53,,,,25,,7,,48.3,,101.61,,,,,,Mostly Cloudy
-123.18,49.2,VANCOUVER INT'L A,1108447,5/17/2008 11:00,2008,5,17,11:00,21,,13.3,,61,,,,27,,15,,48.3,,101.6,,,,,,Mostly Cloudy
-123.18,49.2,VANCOUVER INT'L A,1108447,5/17/2008 12:00,2008,5,17,12:00,22.9,,12.6,,52,,,,34,,4,,48.3,,101.57,,25,,,,Mostly Cloudy
-123.18,49.2,VANCOUVER INT'L A,1108447,5/17/2008 13:00,2008,5,17,13:00,26.6,,11.8,,40,,,,17,,13,,48.3,,101.46,,29,,,,Mostly Cloudy
-123.18,49.2,VANCOUVER INT'L A,1108447,5/17/2008 14:00,2008,5,17,14:00,24.1,,15.1,,57,,,,25,,7,,48.3,,101.44,,28,,,,Mostly Cloudy
-123.18,49.2,VANCOUVER INT'L A,1108447,5/17/2008 15:00,2008,5,17,15:00,27.4,,13.6,,43,,,,11,,6,,48.3,,101.35,,31,,,,Mostly Cloudy
-123.18,49.2,VANCOUVER INT'L A,1108447,5/17/2008 16:00,2008,5,17,16:00,28.8,,13.8,,40,,,,18,,11,,48.3,,101.28,,32,,,,Mainly Clear
-123.18,49.2,VANCOUVER INT'L A,1108447,5/17/2008 17:00,2008,5,17,17:00,28.4,,13.7,,41,,,,22,,9,,48.3,,101.21,,32,,,,Mainly Clear
-123.18,49.2,VANCOUVER INT'L A,1108447,5/17/2008 18:00,2008,5,17,18:00,26.7,,12.9,,42,,,,17,,9,,48.3,,101.22,,29,,,,Mainly Clear
-123.18,49.2,VANCOUVER INT'L A,1108447,5/17/2008 19:00,2008,5,17,19:00,24.9,,13.3,,48,,,,16,,9,,48.3,,101.25,,28,,,,Mostly Cloudy
-123.18,49.2,VANCOUVER INT'L A,1108447,5/17/2008 20:00,2008,5,17,20:00,22.8,,11.6,,49,,,,20,,15,,48.3,,101.26,,25,,,,Mostly Cloudy
-123.18,49.2,VANCOUVER INT'L A,1108447,5/17/2008 21:00,2008,5,17,21:00,18.2,,12,,67,,,,15,,11,,48.3,,101.32,,,,,,Mostly Cloudy
-123.18,49.2,VANCOUVER INT'L A,1108447,5/17/2008 22:00,2008,5,17,22:00,16.6,,11.9,,74,,,,10,,13,,32.2,,101.31,,,,,,Mostly Cloudy
-123.18,49.2,VANCOUVER INT'L A,1108447,5/17/2008 23:00,2008,5,17,23:00,14.9,,10.9,,77,,,,11,,19,,32.2,,101.36,,,,,,Mostly Cloudy
-123.18,49.2,VANCOUVER INT'L A,1108447,5/18/2008 0:00,2008,5,18,0:00,15.4,,10.6,,73,,,,11,,19,,32.2,,101.39,,,,,,Mostly Cloudy
-123.18,49.2,VANCOUVER INT'L A,1108447,5/18/2008 1:00,2008,5,18,1:00,14.8,,10.4,,75,,,,11,,19,,32.2,,101.41,,,,,,Mostly Cloudy
-123.18,49.2,VANCOUVER INT'L A,1108447,5/18/2008 2:00,2008,5,18,2:00,14.3,,10.1,,76,,,,11,,19,,24.1,,101.44,,,,,,Mostly Cloudy
-123.18,49.2,VANCOUVER INT'L A,1108447,5/18/2008 3:00,2008,5,18,3:00,13.4,,9.1,,75,,,,10,,17,,24.1,,101.49,,,,,,Mostly Cloudy
-123.18,49.2,VANCOUVER INT'L A,1108447,5/18/2008 4:00,2008,5,18,4:00,12.7,,9.2,,79,,,,10,,19,,24.1,,101.53,,,,,,Mostly Cloudy
-123.18,49.2,VANCOUVER INT'L A,1108447,5/18/2008 5:00,2008,5,18,5:00,13.6,,8.9,,73,,,,12,,22,,24.1,,101.55,,,,,,Mostly Cloudy
-123.18,49.2,VANCOUVER INT'L A,1108447,5/18/2008 6:00,2008,5,18,6:00,14.9,,9.9,,72,,,,16,,6,,24.1,,101.6,,,,,,Mainly Clear
-123.18,49.2,VANCOUVER INT'L A,1108447,5/18/2008 7:00,2008,5,18,7:00,16.6,,10.7,,68,,,,12,,11,,24.1,,101.64,,,,,,Mainly Clear
-123.18,49.2,VANCOUVER INT'L A,1108447,5/18/2008 8:00,2008,5,18,8:00,17.1,,10.5,,65,,,,13,,19,,24.1,,101.65,,,,,,Mainly Clear
-123.18,49.2,VANCOUVER INT'L A,1108447,5/18/2008 9:00,2008,5,18,9:00,17.3,,10.2,,63,,,,15,,22,,32.2,,101.7,,,,,,Mostly Cloudy
-123.18,49.2,VANCOUVER INT'L A,1108447,5/18/2008 10:00,2008,5,18,10:00,18.2,,11,,63,,,,12,,17,,32.2,,101.7,,,,,,Mostly Cloudy
-123.18,49.2,VANCOUVER INT'L A,1108447,5/18/2008 11:00,2008,5,18,11:00,19.1,,11.2,,60,,,,12,,15,,32.2,,101.72,,,,,,Cloudy
-123.18,49.2,VANCOUVER INT'L A,1108447,5/18/2008 12:00,2008,5,18,12:00,19.9,,11.7,,59,,,,13,,13,,32.2,,101.71,,,,,,Mostly Cloudy
-123.18,49.2,VANCOUVER INT'L A,1108447,5/18/2008 13:00,2008,5,18,13:00,21.3,,12.6,,58,,,,15,,13,,32.2,,101.65,,,,,,Cloudy
-123.18,49.2,VANCOUVER INT'L A,1108447,5/18/2008 14:00,2008,5,18,14:00,21.5,,12.3,,56,,,,21,,19,,32.2,,101.62,,,,,,Mostly Cloudy
-123.18,49.2,VANCOUVER INT'L A,1108447,5/18/2008 15:00,2008,5,18,15:00,21.7,,11.4,,52,,,,22,,17,,32.2,,101.59,,,,,,Mostly Cloudy
-123.18,49.2,VANCOUVER INT'L A,1108447,5/18/2008 16:00,2008,5,18,16:00,21.7,,11.6,,53,,,,22,,15,,32.2,,101.53,,,,,,Mostly Cloudy
-123.18,49.2,VANCOUVER INT'L A,1108447,5/18/2008 17:00,2008,5,18,17:00,21.5,,11.5,,53,,,,22,,15,,32.2,,101.48,,,,,,Mostly Cloudy
-123.18,49.2,VANCOUVER INT'L A,1108447,5/18/2008 18:00,2008,5,18,18:00,20.4,,11.5,,57,,,,23,,13,,32.2,,101.43,,,,,,Mostly Cloudy
-123.18,49.2,VANCOUVER INT'L A,1108447,5/18/2008 19:00,2008,5,18,19:00,19.4,,10.1,,55,,,,,,0,,32.2,,101.39,,,,,,Cloudy
-123.18,49.2,VANCOUVER INT'L A,1108447,5/18/2008 20:00,2008,5,18,20:00,16.8,,10.5,,66,,,,11,,15,,32.2,,101.4,,,,,,Cloudy
-123.18,49.2,VANCOUVER INT'L A,1108447,5/18/2008 21:00,2008,5,18,21:00,15.9,,10.2,,69,,,,11,,15,,24.1,,101.42,,,,,,Cloudy
-123.18,49.2,VANCOUVER INT'L A,1108447,5/18/2008 22:00,2008,5,18,22:00,15.2,,10.1,,72,,,,10,,17,,24.1,,101.4,,,,,,Cloudy
-123.18,49.2,VANCOUVER INT'L A,1108447,5/18/2008 23:00,2008,5,18,23:00,15.6,,10.1,,70,,,,12,,13,,24.1,,101.39,,,,,,Cloudy
-123.18,49.2,VANCOUVER INT'L A,1108447,5/19/2008 0:00,2008,5,19,0:00,14.9,,10.5,,75,,,,12,,17,,24.1,,101.38,,,,,,Cloudy
-123.18,49.2,VANCOUVER INT'L A,1108447,5/19/2008 1:00,2008,5,19,1:00,14.9,,9.8,,72,,,,16,,17,,24.1,,101.38,,,,,,Cloudy
-123.18,49.2,VANCOUVER INT'L A,1108447,5/19/2008 2:00,2008,5,19,2:00,14.2,,10.4,,78,,,,11,,15,,24.1,,101.38,,,,,,Cloudy
-123.18,49.2,VANCOUVER INT'L A,1108447,5/19/2008 3:00,2008,5,19,3:00,14.7,,10.1,,74,,,,13,,9,,24.1,,101.37,,,,,,Cloudy
-123.18,49.2,VANCOUVER INT'L A,1108447,5/19/2008 4:00,2008,5,19,4:00,14.2,,10.4,,78,,,,10,,28,,24.1,,101.26,,,,,,Cloudy
-123.18,49.2,VANCOUVER INT'L A,1108447,5/19/2008 5:00,2008,5,19,5:00,14.5,,10.2,,75,,,,16,,11,,24.1,,101.36,,,,,,Cloudy
-123.18,49.2,VANCOUVER INT'L A,1108447,5/19/2008 6:00,2008,5,19,6:00,13.7,,11.1,,84,,,,12,,13,,24.1,,101.4,,,,,,Rain Showers
-123.18,49.2,VANCOUVER INT'L A,1108447,5/19/2008 7:00,2008,5,19,7:00,14.1,,11.1,,82,,,,9,,19,,24.1,,101.37,,,,,,Rain Showers
-123.18,49.2,VANCOUVER INT'L A,1108447,5/19/2008 8:00,2008,5,19,8:00,15.3,,10.3,,72,,,,12,,15,,32.2,,101.39,,,,,,Cloudy
-123.18,49.2,VANCOUVER INT'L A,1108447,5/19/2008 9:00,2008,5,19,9:00,16,,10.4,,69,,,,11,,15,,32.2,,101.39,,,,,,Cloudy
-123.18,49.2,VANCOUVER INT'L A,1108447,5/19/2008 10:00,2008,5,19,10:00,16.2,,12,,76,,,,10,,15,,24.1,,101.4,,,,,,Rain Showers
-123.18,49.2,VANCOUVER INT'L A,1108447,5/19/2008 11:00,2008,5,19,11:00,16.2,,11.9,,76,,,,8,,7,,24.1,,101.41,,,,,,Rain Showers
-123.18,49.2,VANCOUVER INT'L A,1108447,5/19/2008 12:00,2008,5,19,12:00,16.6,,13.1,,80,,,,7,,11,,12.9,,101.41,,,,,,Rain
-123.18,49.2,VANCOUVER INT'L A,1108447,5/19/2008 13:00,2008,5,19,13:00,16.7,,13.1,,79,,,,9,,13,,24.1,,101.38,,,,,,Cloudy
-123.18,49.2,VANCOUVER INT'L A,1108447,5/19/2008 14:00,2008,5,19,14:00,16.9,,13.2,,79,,,,8,,19,,24.1,,101.33,,,,,,Rain Showers
-123.18,49.2,VANCOUVER INT'L A,1108447,5/19/2008 15:00,2008,5,19,15:00,17.3,,13.4,,78,,,,7,,15,,24.1,,101.34,,,,,,Cloudy
-123.18,49.2,VANCOUVER INT'L A,1108447,5/19/2008 16:00,2008,5,19,16:00,16.6,,14.1,,85,,,,10,,20,,24.1,,101.27,,,,,,Rain Showers
-123.18,49.2,VANCOUVER INT'L A,1108447,5/19/2008 17:00,2008,5,19,17:00,16.1,,13.7,,86,,,,9,,20,,24.1,,101.22,,,,,,Cloudy
-123.18,49.2,VANCOUVER INT'L A,1108447,5/19/2008 18:00,2008,5,19,18:00,16.4,,13.6,,84,,,,9,,17,,24.1,,101.15,,,,,,Cloudy
-123.18,49.2,VANCOUVER INT'L A,1108447,5/19/2008 19:00,2008,5,19,19:00,15.9,,13.5,,86,,,,8,,15,,24.1,,101.11,,,,,,Cloudy
-123.18,49.2,VANCOUVER INT'L A,1108447,5/19/2008 20:00,2008,5,19,20:00,15.4,,13,,86,,,,9,,15,,24.1,,101.06,,,,,,Cloudy
-123.18,49.2,VANCOUVER INT'L A,1108447,5/19/2008 21:00,2008,5,19,21:00,14.8,,12.4,,86,,,,10,,9,,24.1,,101,,,,,,Cloudy
-123.18,49.2,VANCOUVER INT'L A,1108447,5/19/2008 22:00,2008,5,19,22:00,14.2,,12.3,,88,,,,25,,7,,24.1,,101.01,,,,,,Cloudy
-123.18,49.2,VANCOUVER INT'L A,1108447,5/19/2008 23:00,2008,5,19,23:00,13.6,,12,,90,,,,28,,7,,6.4,,100.99,,,,,,"Rain Showers,Fog"
-123.18,49.2,VANCOUVER INT'L A,1108447,5/20/2008 0:00,2008,5,20,0:00,14.3,,12.6,,90,,,,5,,9,,12.9,,100.93,,,,,,Rain Showers
-123.18,49.2,VANCOUVER INT'L A,1108447,5/20/2008 1:00,2008,5,20,1:00,13.8,,12.3,,91,,,,13,,7,,19.3,,100.93,,,,,,Rain Showers
-123.18,49.2,VANCOUVER INT'L A,1108447,5/20/2008 2:00,2008,5,20,2:00,14.2,,12.6,,90,,,,18,,7,,16.1,,100.91,,,,,,Cloudy
-123.18,49.2,VANCOUVER INT'L A,1108447,5/20/2008 3:00,2008,5,20,3:00,13.7,,12,,89,,,,10,,15,,12.9,,100.85,,,,,,Cloudy
-123.18,49.2,VANCOUVER INT'L A,1108447,5/20/2008 4:00,2008,5,20,4:00,13.4,,11.8,,90,,,,11,,6,,4,,100.93,,,,,,Fog
-123.18,49.2,VANCOUVER INT'L A,1108447,5/20/2008 5:00,2008,5,20,5:00,13.1,,11.5,,90,,,,10,,9,,24.1,,100.87,,,,,,Cloudy
-123.18,49.2,VANCOUVER INT'L A,1108447,5/20/2008 6:00,2008,5,20,6:00,13.4,,11.6,,89,,,,20,,7,,8,,100.92,,,,,,"Rain Showers,Fog"
-123.18,49.2,VANCOUVER INT'L A,1108447,5/20/2008 7:00,2008,5,20,7:00,12.7,,7.7,,72,,,,25,,19,,12.9,,100.99,,,,,,Rain Showers
-123.18,49.2,VANCOUVER INT'L A,1108447,5/20/2008 8:00,2008,5,20,8:00,12.6,,7.4,,71,,,,23,,15,,32.2,,101.02,,,,,,Cloudy
-123.18,49.2,VANCOUVER INT'L A,1108447,5/20/2008 9:00,2008,5,20,9:00,12.5,,8.1,,75,,,,27,,6,,32.2,,101,,,,,,Cloudy
-123.18,49.2,VANCOUVER INT'L A,1108447,5/20/2008 10:00,2008,5,20,10:00,13.6,,7.2,,65,,,,21,,6,,32.2,,101.05,,,,,,Mostly Cloudy
-123.18,49.2,VANCOUVER INT'L A,1108447,5/20/2008 11:00,2008,5,20,11:00,14.2,,6,,58,,,,19,,11,,32.2,,101.12,,,,,,Mostly Cloudy
-123.18,49.2,VANCOUVER INT'L A,1108447,5/20/2008 12:00,2008,5,20,12:00,14.7,,5,,52,,,,20,,13,,32.2,,101.11,,,,,,Mostly Cloudy
-123.18,49.2,VANCOUVER INT'L A,1108447,5/20/2008 13:00,2008,5,20,13:00,15.1,,7.2,,59,,,,15,,9,,32.2,,101.11,,,,,,Mostly Cloudy
-123.18,49.2,VANCOUVER INT'L A,1108447,5/20/2008 14:00,2008,5,20,14:00,14.6,,7.8,,64,,,,18,,22,,32.2,,101.15,,,,,,Mostly Cloudy
-123.18,49.2,VANCOUVER INT'L A,1108447,5/20/2008 15:00,2008,5,20,15:00,15.8,,5.9,,52,,,,22,,24,,48.3,,101.16,,,,,,Mainly Clear
-123.18,49.2,VANCOUVER INT'L A,1108447,5/20/2008 16:00,2008,5,20,16:00,14.9,,4.4,,49,,,,22,,19,,48.3,,101.18,,,,,,Mainly Clear
-123.18,49.2,VANCOUVER INT'L A,1108447,5/20/2008 17:00,2008,5,20,17:00,13.8,,5,,55,,,,24,,24,,48.3,,101.21,,,,,,Mostly Cloudy
-123.18,49.2,VANCOUVER INT'L A,1108447,5/20/2008 18:00,2008,5,20,18:00,14,,6.3,,60,,,,24,,26,,48.3,,101.23,,,,,,Mostly Cloudy
-123.18,49.2,VANCOUVER INT'L A,1108447,5/20/2008 19:00,2008,5,20,19:00,12.8,,5.4,,61,,,,24,,24,,48.3,,101.28,,,,,,Mainly Clear
-123.18,49.2,VANCOUVER INT'L A,1108447,5/20/2008 20:00,2008,5,20,20:00,12.1,,5.1,,62,,,,25,,19,,48.3,,101.31,,,,,,Mainly Clear
-123.18,49.2,VANCOUVER INT'L A,1108447,5/20/2008 21:00,2008,5,20,21:00,12.2,,4.7,,60,,,,26,,19,,32.2,,101.39,,,,,,Mostly Cloudy
-123.18,49.2,VANCOUVER INT'L A,1108447,5/20/2008 22:00,2008,5,20,22:00,11.7,,5.1,,64,,,,26,,19,,32.2,,101.46,,,,,,Mostly Cloudy
-123.18,49.2,VANCOUVER INT'L A,1108447,5/20/2008 23:00,2008,5,20,23:00,11.3,,5.9,,69,,,,27,,17,,32.2,,101.49,,,,,,Mostly Cloudy
-123.18,49.2,VANCOUVER INT'L A,1108447,5/21/2008 0:00,2008,5,21,0:00,10.9,,5.6,,70,,,,28,,9,,32.2,,101.51,,,,,,Mostly Cloudy
-123.18,49.2,VANCOUVER INT'L A,1108447,5/21/2008 1:00,2008,5,21,1:00,11.1,,5.9,,70,,,,27,,4,,24.1,,101.56,,,,,,Mostly Cloudy
-123.18,49.2,VANCOUVER INT'L A,1108447,5/21/2008 2:00,2008,5,21,2:00,11.3,,5.5,,67,,,,18,,6,,24.1,,101.59,,,,,,Cloudy
-123.18,49.2,VANCOUVER INT'L A,1108447,5/21/2008 3:00,2008,5,21,3:00,10.9,,5.8,,71,,,,24,,4,,24.1,,101.6,,,,,,Mostly Cloudy
-123.18,49.2,VANCOUVER INT'L A,1108447,5/21/2008 4:00,2008,5,21,4:00,10.4,,6.4,,76,,,,10,,6,,24.1,,101.62,,,,,,Cloudy
-123.18,49.2,VANCOUVER INT'L A,1108447,5/21/2008 5:00,2008,5,21,5:00,9.8,,6.5,,80,,,,7,,6,,24.1,,101.65,,,,,,Mostly Cloudy
-123.18,49.2,VANCOUVER INT'L A,1108447,5/21/2008 6:00,2008,5,21,6:00,10.7,,6.8,,77,,,,11,,4,,24.1,,101.66,,,,,,Cloudy
-123.18,49.2,VANCOUVER INT'L A,1108447,5/21/2008 7:00,2008,5,21,7:00,11.6,,6.5,,71,,,,22,,4,,32.2,,101.69,,,,,,Cloudy
-123.18,49.2,VANCOUVER INT'L A,1108447,5/21/2008 8:00,2008,5,21,8:00,12,,7.2,,72,,,,25,,11,,32.2,,101.75,,,,,,Cloudy
-123.18,49.2,VANCOUVER INT'L A,1108447,5/21/2008 9:00,2008,5,21,9:00,12.8,,8.1,,73,,,,28,,17,,32.2,,101.72,,,,,,Mostly Cloudy
-123.18,49.2,VANCOUVER INT'L A,1108447,5/21/2008 10:00,2008,5,21,10:00,12.9,,7.6,,70,,,,26,,20,,32.2,,101.71,,,,,,Cloudy
-123.18,49.2,VANCOUVER INT'L A,1108447,5/21/2008 11:00,2008,5,21,11:00,13.7,,8.3,,70,,,,27,,19,,32.2,,101.7,,,,,,Mostly Cloudy
-123.18,49.2,VANCOUVER INT'L A,1108447,5/21/2008 12:00,2008,5,21,12:00,14.2,,8.4,,68,,,,27,,19,,32.2,,101.69,,,,,,Mostly Cloudy
-123.18,49.2,VANCOUVER INT'L A,1108447,5/21/2008 13:00,2008,5,21,13:00,14.6,,7.9,,64,,,,25,,20,,32.2,,101.65,,,,,,Mostly Cloudy
-123.18,49.2,VANCOUVER INT'L A,1108447,5/21/2008 14:00,2008,5,21,14:00,15.5,,7.2,,58,,,,23,,20,,32.2,,101.67,,,,,,Mostly Cloudy
-123.18,49.2,VANCOUVER INT'L A,1108447,5/21/2008 15:00,2008,5,21,15:00,15.4,,6.6,,56,,,,23,,19,,32.2,,101.64,,,,,,Mainly Clear
-123.18,49.2,VANCOUVER INT'L A,1108447,5/21/2008 16:00,2008,5,21,16:00,15.7,,6.6,,55,,,,24,,20,,32.2,,101.65,,,,,,Mainly Clear
-123.18,49.2,VANCOUVER INT'L A,1108447,5/21/2008 17:00,2008,5,21,17:00,14.9,,6.9,,59,,,,21,,13,,32.2,,101.6,,,,,,Mostly Cloudy
-123.18,49.2,VANCOUVER INT'L A,1108447,5/21/2008 18:00,2008,5,21,18:00,14.2,,7.9,,66,,,,23,,17,,32.2,,101.62,,,,,,Mostly Cloudy
-123.18,49.2,VANCOUVER INT'L A,1108447,5/21/2008 19:00,2008,5,21,19:00,13.5,,8.1,,70,,,,23,,22,,32.2,,101.64,,,,,,Mostly Cloudy
-123.18,49.2,VANCOUVER INT'L A,1108447,5/21/2008 20:00,2008,5,21,20:00,13.1,,7.6,,69,,,,21,,17,,32.2,,101.65,,,,,,Mostly Cloudy
-123.18,49.2,VANCOUVER INT'L A,1108447,5/21/2008 21:00,2008,5,21,21:00,12.7,,7.8,,72,,,,25,,20,,32.2,,101.67,,,,,,Mostly Cloudy
-123.18,49.2,VANCOUVER INT'L A,1108447,5/21/2008 22:00,2008,5,21,22:00,12.4,,7.7,,73,,,,27,,26,,32.2,,101.67,,,,,,Mainly Clear
-123.18,49.2,VANCOUVER INT'L A,1108447,5/21/2008 23:00,2008,5,21,23:00,11.9,,6.7,,70,,,,27,,30,,32.2,,101.68,,,,,,Mainly Clear
-123.18,49.2,VANCOUVER INT'L A,1108447,5/22/2008 0:00,2008,5,22,0:00,11,,6.7,,75,,,,29,,30,,32.2,,101.68,,,,,,Mainly Clear
-123.18,49.2,VANCOUVER INT'L A,1108447,5/22/2008 1:00,2008,5,22,1:00,11,,6.8,,75,,,,29,,30,,32.2,,101.69,,,,,,Mostly Cloudy
-123.18,49.2,VANCOUVER INT'L A,1108447,5/22/2008 2:00,2008,5,22,2:00,10.5,,6.6,,77,,,,30,,26,,32.2,,101.69,,,,,,Mostly Cloudy
-123.18,49.2,VANCOUVER INT'L A,1108447,5/22/2008 3:00,2008,5,22,3:00,10.8,,6.8,,76,,,,32,,22,,32.2,,101.69,,,,,,Mostly Cloudy
-123.18,49.2,VANCOUVER INT'L A,1108447,5/22/2008 4:00,2008,5,22,4:00,9.9,,6.5,,79,,,,30,,19,,32.2,,101.69,,,,,,Mostly Cloudy
-123.18,49.2,VANCOUVER INT'L A,1108447,5/22/2008 5:00,2008,5,22,5:00,10.1,,7,,81,,,,30,,26,,32.2,,101.67,,,,,,Mostly Cloudy
-123.18,49.2,VANCOUVER INT'L A,1108447,5/22/2008 6:00,2008,5,22,6:00,10.9,,7.1,,77,,,,31,,22,,32.2,,101.69,,,,,,Mostly Cloudy
-123.18,49.2,VANCOUVER INT'L A,1108447,5/22/2008 7:00,2008,5,22,7:00,11.2,,7.1,,76,,,,31,,20,,32.2,,101.69,,,,,,Mostly Cloudy
-123.18,49.2,VANCOUVER INT'L A,1108447,5/22/2008 8:00,2008,5,22,8:00,11.1,,7.2,,77,,,,29,,28,,32.2,,101.66,,,,,,Mostly Cloudy
-123.18,49.2,VANCOUVER INT'L A,1108447,5/22/2008 9:00,2008,5,22,9:00,12.1,,7.8,,75,,,,31,,22,,32.2,,101.61,,,,,,Mostly Cloudy
-123.18,49.2,VANCOUVER INT'L A,1108447,5/22/2008 10:00,2008,5,22,10:00,12.4,,7.9,,74,,,,29,,24,,32.2,,101.58,,,,,,Mostly Cloudy
-123.18,49.2,VANCOUVER INT'L A,1108447,5/22/2008 11:00,2008,5,22,11:00,12.8,,8.2,,74,,,,29,,22,,32.2,,101.54,,,,,,Mostly Cloudy
-123.18,49.2,VANCOUVER INT'L A,1108447,5/22/2008 12:00,2008,5,22,12:00,13.8,,8.9,,72,,,,28,,22,,32.2,,101.51,,,,,,Mainly Clear
-123.18,49.2,VANCOUVER INT'L A,1108447,5/22/2008 13:00,2008,5,22,13:00,13.8,,8.6,,71,,,,30,,22,,32.2,,101.41,,,,,,Mainly Clear
-123.18,49.2,VANCOUVER INT'L A,1108447,5/22/2008 14:00,2008,5,22,14:00,14.6,,9,,69,,,,29,,26,,32.2,,101.34,,,,,,Mostly Cloudy
-123.18,49.2,VANCOUVER INT'L A,1108447,5/22/2008 15:00,2008,5,22,15:00,14.6,,7.5,,62,,,,30,,33,,32.2,,101.24,,,,,,Mainly Clear
-123.18,49.2,VANCOUVER INT'L A,1108447,5/22/2008 16:00,2008,5,22,16:00,14.8,,8.3,,65,,,,28,,32,,32.2,,101.19,,,,,,Mainly Clear
-123.18,49.2,VANCOUVER INT'L A,1108447,5/22/2008 17:00,2008,5,22,17:00,14.4,,8.9,,70,,,,28,,30,,48.3,,101.11,,,,,,Mainly Clear
-123.18,49.2,VANCOUVER INT'L A,1108447,5/22/2008 18:00,2008,5,22,18:00,14.1,,8.2,,68,,,,28,,28,,48.3,,101.08,,,,,,Mainly Clear
-123.18,49.2,VANCOUVER INT'L A,1108447,5/22/2008 19:00,2008,5,22,19:00,13.7,,8.7,,72,,,,29,,26,,48.3,,101.02,,,,,,Mainly Clear
-123.18,49.2,VANCOUVER INT'L A,1108447,5/22/2008 20:00,2008,5,22,20:00,13.1,,7.9,,71,,,,29,,30,,48.3,,101,,,,,,Mainly Clear
-123.18,49.2,VANCOUVER INT'L A,1108447,5/22/2008 21:00,2008,5,22,21:00,12.5,,8.3,,76,,,,30,,24,,48.3,,101.03,,,,,,Mainly Clear
-123.18,49.2,VANCOUVER INT'L A,1108447,5/22/2008 22:00,2008,5,22,22:00,11.9,,8.6,,80,,,,30,,30,,48.3,,101.02,,,,,,Mainly Clear
-123.18,49.2,VANCOUVER INT'L A,1108447,5/22/2008 23:00,2008,5,22,23:00,11.7,,8.8,,82,,,,30,,30,,48.3,,100.98,,,,,,Clear
-123.18,49.2,VANCOUVER INT'L A,1108447,5/23/2008 0:00,2008,5,23,0:00,10.7,,7.9,,83,,,,30,,32,,48.3,,101.02,,,,,,Clear
-123.18,49.2,VANCOUVER INT'L A,1108447,5/23/2008 1:00,2008,5,23,1:00,10.4,,7.7,,83,,,,31,,35,,48.3,,101,,,,,,Clear
-123.18,49.2,VANCOUVER INT'L A,1108447,5/23/2008 2:00,2008,5,23,2:00,10.4,,7.6,,83,,,,31,,39,,48.3,,100.95,,,,,,Clear
-123.18,49.2,VANCOUVER INT'L A,1108447,5/23/2008 3:00,2008,5,23,3:00,10.2,,7.5,,83,,,,31,,35,,48.3,,100.91,,,,,,Mainly Clear
-123.18,49.2,VANCOUVER INT'L A,1108447,5/23/2008 4:00,2008,5,23,4:00,10.1,,7.2,,82,,,,31,,37,,32.2,,100.89,,,,,,Mainly Clear
-123.18,49.2,VANCOUVER INT'L A,1108447,5/23/2008 5:00,2008,5,23,5:00,10.3,,7.3,,82,,,,31,,41,,32.2,,100.8,,,,,,Mainly Clear
-123.18,49.2,VANCOUVER INT'L A,1108447,5/23/2008 6:00,2008,5,23,6:00,10.8,,7.3,,79,,,,31,,39,,32.2,,100.8,,,,,,Mostly Cloudy
-123.18,49.2,VANCOUVER INT'L A,1108447,5/23/2008 7:00,2008,5,23,7:00,10.9,,7.4,,79,,,,32,,35,,32.2,,100.78,,,,,,Cloudy
-123.18,49.2,VANCOUVER INT'L A,1108447,5/23/2008 8:00,2008,5,23,8:00,11.3,,7.9,,80,,,,32,,33,,32.2,,100.76,,,,,,Mostly Cloudy
-123.18,49.2,VANCOUVER INT'L A,1108447,5/23/2008 9:00,2008,5,23,9:00,12.4,,8.3,,76,,,,32,,32,,32.2,,100.69,,,,,,Mostly Cloudy
-123.18,49.2,VANCOUVER INT'L A,1108447,5/23/2008 10:00,2008,5,23,10:00,12.1,,8.7,,80,,,,31,,35,,32.2,,100.66,,,,,,Cloudy
-123.18,49.2,VANCOUVER INT'L A,1108447,5/23/2008 11:00,2008,5,23,11:00,14,,9.3,,73,,,,31,,37,,32.2,,100.57,,,,,,Mostly Cloudy
-123.18,49.2,VANCOUVER INT'L A,1108447,5/23/2008 12:00,2008,5,23,12:00,14.1,,9.1,,72,,,,31,,28,,32.2,,100.55,,,,,,Cloudy
-123.18,49.2,VANCOUVER INT'L A,1108447,5/23/2008 13:00,2008,5,23,13:00,13.9,,9.1,,73,,,,30,,22,,32.2,,100.5,,,,,,Cloudy
-123.18,49.2,VANCOUVER INT'L A,1108447,5/23/2008 14:00,2008,5,23,14:00,14.2,,9.2,,72,,,,31,,26,,32.2,,100.51,,,,,,Cloudy
-123.18,49.2,VANCOUVER INT'L A,1108447,5/23/2008 15:00,2008,5,23,15:00,14,,9.2,,73,,,,32,,13,,32.2,,100.51,,,,,,Cloudy
-123.18,49.2,VANCOUVER INT'L A,1108447,5/23/2008 16:00,2008,5,23,16:00,14.4,,9.4,,72,,,,32,,11,,32.2,,100.49,,,,,,Cloudy
-123.18,49.2,VANCOUVER INT'L A,1108447,5/23/2008 17:00,2008,5,23,17:00,15.4,,9.7,,69,,,,31,,6,,32.2,,100.51,,,,,,Cloudy
-123.18,49.2,VANCOUVER INT'L A,1108447,5/23/2008 18:00,2008,5,23,18:00,15.9,,9.9,,68,,,,,,0,,32.2,,100.52,,,,,,Cloudy
-123.18,49.2,VANCOUVER INT'L A,1108447,5/23/2008 19:00,2008,5,23,19:00,14.9,,9.7,,71,,,,14,,4,,32.2,,100.54,,,,,,Cloudy
-123.18,49.2,VANCOUVER INT'L A,1108447,5/23/2008 20:00,2008,5,23,20:00,13.9,,10.1,,78,,,,22,,13,,32.2,,100.57,,,,,,Cloudy
-123.18,49.2,VANCOUVER INT'L A,1108447,5/23/2008 21:00,2008,5,23,21:00,13.2,,9.6,,79,,,,10,,6,,32.2,,100.63,,,,,,Mostly Cloudy
-123.18,49.2,VANCOUVER INT'L A,1108447,5/23/2008 22:00,2008,5,23,22:00,12.6,,9,,79,,,,11,,9,,32.2,,100.62,,,,,,Mostly Cloudy
-123.18,49.2,VANCOUVER INT'L A,1108447,5/23/2008 23:00,2008,5,23,23:00,11.7,,8.5,,81,,,,11,,13,,32.2,,100.63,,,,,,Cloudy
-123.18,49.2,VANCOUVER INT'L A,1108447,5/24/2008 0:00,2008,5,24,0:00,11.7,,8.6,,81,,,,11,,13,,32.2,,100.65,,,,,,Cloudy
-123.18,49.2,VANCOUVER INT'L A,1108447,5/24/2008 1:00,2008,5,24,1:00,11.9,,8.6,,80,,,,11,,9,,32.2,,100.68,,,,,,Cloudy
-123.18,49.2,VANCOUVER INT'L A,1108447,5/24/2008 2:00,2008,5,24,2:00,11.7,,8.6,,81,,,,9,,15,,32.2,,100.72,,,,,,Cloudy
-123.18,49.2,VANCOUVER INT'L A,1108447,5/24/2008 3:00,2008,5,24,3:00,11.9,,8.3,,79,,,,9,,13,,32.2,,100.72,,,,,,Cloudy
-123.18,49.2,VANCOUVER INT'L A,1108447,5/24/2008 4:00,2008,5,24,4:00,11.4,,8.4,,82,,,,,,0,,32.2,,100.72,,,,,,Mostly Cloudy
-123.18,49.2,VANCOUVER INT'L A,1108447,5/24/2008 5:00,2008,5,24,5:00,12,,8.7,,80,,,,11,,4,,32.2,,100.74,,,,,,Cloudy
-123.18,49.2,VANCOUVER INT'L A,1108447,5/24/2008 6:00,2008,5,24,6:00,13.7,,9.9,,78,,,,13,,7,,48.3,,100.76,,,,,,Cloudy
-123.18,49.2,VANCOUVER INT'L A,1108447,5/24/2008 7:00,2008,5,24,7:00,14.9,,9.7,,71,,,,14,,4,,48.3,,100.81,,,,,,Cloudy
-123.18,49.2,VANCOUVER INT'L A,1108447,5/24/2008 8:00,2008,5,24,8:00,15.7,,10.8,,73,,,,25,,6,,48.3,,100.83,,,,,,Mostly Cloudy
-123.18,49.2,VANCOUVER INT'L A,1108447,5/24/2008 9:00,2008,5,24,9:00,15.8,,10.7,,72,,,,25,,9,,48.3,,100.86,,,,,,Mostly Cloudy
-123.18,49.2,VANCOUVER INT'L A,1108447,5/24/2008 10:00,2008,5,24,10:00,16.3,,11.3,,72,,,,25,,9,,48.3,,100.85,,,,,,Mainly Clear
-123.18,49.2,VANCOUVER INT'L A,1108447,5/24/2008 11:00,2008,5,24,11:00,17.6,,10.4,,63,,,,26,,11,,48.3,,100.88,,,,,,Mainly Clear
-123.18,49.2,VANCOUVER INT'L A,1108447,5/24/2008 12:00,2008,5,24,12:00,19.4,,11.7,,61,,,,30,,17,,48.3,,100.86,,,,,,Mainly Clear
-123.18,49.2,VANCOUVER INT'L A,1108447,5/24/2008 13:00,2008,5,24,13:00,19.4,,11.6,,61,,,,31,,17,,48.3,,100.85,,,,,,Mainly Clear
-123.18,49.2,VANCOUVER INT'L A,1108447,5/24/2008 14:00,2008,5,24,14:00,19.8,,12,,61,,,,30,,19,,48.3,,100.85,,,,,,Mainly Clear
-123.18,49.2,VANCOUVER INT'L A,1108447,5/24/2008 15:00,2008,5,24,15:00,20.4,,11.8,,58,,,,30,,20,,48.3,,100.86,,,,,,Mainly Clear
-123.18,49.2,VANCOUVER INT'L A,1108447,5/24/2008 16:00,2008,5,24,16:00,20.8,,12.2,,58,,,,31,,24,,48.3,,100.84,,,,,,Mainly Clear
-123.18,49.2,VANCOUVER INT'L A,1108447,5/24/2008 17:00,2008,5,24,17:00,19.6,,11.4,,59,,,,31,,22,,48.3,,100.85,,,,,,Mainly Clear
-123.18,49.2,VANCOUVER INT'L A,1108447,5/24/2008 18:00,2008,5,24,18:00,19.5,,11,,58,,,,31,,13,,48.3,,100.86,,,,,,Mainly Clear
-123.18,49.2,VANCOUVER INT'L A,1108447,5/24/2008 19:00,2008,5,24,19:00,18,,11.5,,66,,,,30,,11,,48.3,,100.89,,,,,,Mainly Clear
-123.18,49.2,VANCOUVER INT'L A,1108447,5/24/2008 20:00,2008,5,24,20:00,17.5,,10.5,,63,,,,31,,7,,48.3,,100.95,,,,,,Mostly Cloudy
-123.18,49.2,VANCOUVER INT'L A,1108447,5/24/2008 21:00,2008,5,24,21:00,17.1,,10.6,,66,,,,32,,9,,48.3,,100.98,,,,,,Mostly Cloudy
-123.18,49.2,VANCOUVER INT'L A,1108447,5/24/2008 22:00,2008,5,24,22:00,16.8,,10.7,,67,,,,26,,7,,32.2,,101.03,,,,,,Mostly Cloudy
-123.18,49.2,VANCOUVER INT'L A,1108447,5/24/2008 23:00,2008,5,24,23:00,16.2,,10.8,,70,,,,,,0,,24.1,,101.08,,,,,,Mostly Cloudy
-123.18,49.2,VANCOUVER INT'L A,1108447,5/25/2008 0:00,2008,5,25,0:00,18.1,,10.1,,60,,,,12,,7,,24.1,,101.1,,,,,,Mostly Cloudy
-123.18,49.2,VANCOUVER INT'L A,1108447,5/25/2008 1:00,2008,5,25,1:00,14.8,,9.4,,70,,,,30,,6,,24.1,,101.14,,,,,,Mostly Cloudy
-123.18,49.2,VANCOUVER INT'L A,1108447,5/25/2008 2:00,2008,5,25,2:00,14.9,,10.2,,73,,,,,,0,,24.1,,101.17,,,,,,Mostly Cloudy
-123.18,49.2,VANCOUVER INT'L A,1108447,5/25/2008 3:00,2008,5,25,3:00,15.9,,10.1,,68,,,,,,0,,24.1,,101.21,,,,,,Mostly Cloudy
-123.18,49.2,VANCOUVER INT'L A,1108447,5/25/2008 4:00,2008,5,25,4:00,15.4,,10.5,,73,,,,,,0,,32.2,,101.28,,,,,,Mostly Cloudy
-123.18,49.2,VANCOUVER INT'L A,1108447,5/25/2008 5:00,2008,5,25,5:00,16.2,,10.6,,69,,,,12,,15,,32.2,,101.32,,,,,,Mostly Cloudy
-123.18,49.2,VANCOUVER INT'L A,1108447,5/25/2008 6:00,2008,5,25,6:00,15.7,,10.2,,70,,,,11,,11,,32.2,,101.39,,,,,,Cloudy
-123.18,49.2,VANCOUVER INT'L A,1108447,5/25/2008 7:00,2008,5,25,7:00,16,,9.9,,67,,,,10,,17,,32.2,,101.44,,,,,,Mostly Cloudy
-123.18,49.2,VANCOUVER INT'L A,1108447,5/25/2008 8:00,2008,5,25,8:00,17.3,,10.3,,63,,,,13,,17,,32.2,,101.46,,,,,,Mostly Cloudy
-123.18,49.2,VANCOUVER INT'L A,1108447,5/25/2008 9:00,2008,5,25,9:00,18.6,,10.4,,59,,,,13,,17,,32.2,,101.46,,,,,,Mostly Cloudy
-123.18,49.2,VANCOUVER INT'L A,1108447,5/25/2008 10:00,2008,5,25,10:00,19.3,,10.5,,57,,,,13,,17,,32.2,,101.46,,,,,,Mainly Clear
-123.18,49.2,VANCOUVER INT'L A,1108447,5/25/2008 11:00,2008,5,25,11:00,20.8,,11.3,,55,,,,16,,11,,32.2,,101.42,,,,,,Mostly Cloudy
-123.18,49.2,VANCOUVER INT'L A,1108447,5/25/2008 12:00,2008,5,25,12:00,21.6,,11.1,,51,,,,18,,9,,32.2,,101.39,,,,,,Mostly Cloudy
-123.18,49.2,VANCOUVER INT'L A,1108447,5/25/2008 13:00,2008,5,25,13:00,22.2,,11,,49,,,,24,,17,,32.2,,101.34,,,,,,Mostly Cloudy
-123.18,49.2,VANCOUVER INT'L A,1108447,5/25/2008 14:00,2008,5,25,14:00,21,,12.5,,58,,,,23,,15,,32.2,,101.29,,,,,,Mostly Cloudy
-123.18,49.2,VANCOUVER INT'L A,1108447,5/25/2008 15:00,2008,5,25,15:00,21.6,,11.6,,53,,,,22,,13,,32.2,,101.25,,,,,,Mostly Cloudy
-123.18,49.2,VANCOUVER INT'L A,1108447,5/25/2008 16:00,2008,5,25,16:00,19.6,,13.1,,66,,,,28,,9,,32.2,,101.2,,,,,,Mostly Cloudy
-123.18,49.2,VANCOUVER INT'L A,1108447,5/25/2008 17:00,2008,5,25,17:00,20.8,,11.8,,56,,,,24,,7,,32.2,,101.16,,,,,,Mainly Clear
-123.18,49.2,VANCOUVER INT'L A,1108447,5/25/2008 18:00,2008,5,25,18:00,21.2,,10.7,,51,,,,17,,13,,32.2,,101.15,,,,,,Mostly Cloudy
-123.18,49.2,VANCOUVER INT'L A,1108447,5/25/2008 19:00,2008,5,25,19:00,18.9,,9.9,,56,,,,14,,13,,32.2,,101.21,,,,,,Mostly Cloudy
-123.18,49.2,VANCOUVER INT'L A,1108447,5/25/2008 20:00,2008,5,25,20:00,18.8,,10.4,,58,,,,14,,7,,32.2,,101.19,,,,,,Mostly Cloudy
-123.18,49.2,VANCOUVER INT'L A,1108447,5/25/2008 21:00,2008,5,25,21:00,17.8,,10.3,,61,,,,14,,9,,32.2,,101.2,,,,,,Mostly Cloudy
-123.18,49.2,VANCOUVER INT'L A,1108447,5/25/2008 22:00,2008,5,25,22:00,17.6,,10.8,,64,,,,18,,6,,24.1,,101.22,,,,,,Mostly Cloudy
-123.18,49.2,VANCOUVER INT'L A,1108447,5/25/2008 23:00,2008,5,25,23:00,17.1,,12.6,,75,,,,14,,9,,24.1,,101.2,,,,,,Cloudy
-123.18,49.2,VANCOUVER INT'L A,1108447,5/26/2008 0:00,2008,5,26,0:00,16.6,,12.8,,78,,,,14,,15,,24.1,,101.19,,,,,,Rain Showers
-123.18,49.2,VANCOUVER INT'L A,1108447,5/26/2008 1:00,2008,5,26,1:00,16.1,,12.7,,80,,,,12,,9,,24.1,,101.16,,,,,,Rain Showers
-123.18,49.2,VANCOUVER INT'L A,1108447,5/26/2008 2:00,2008,5,26,2:00,15.7,,12.7,,82,,,,9,,7,,24.1,,101.15,,,,,,Cloudy
-123.18,49.2,VANCOUVER INT'L A,1108447,5/26/2008 3:00,2008,5,26,3:00,15.3,,11.6,,79,,,,12,,15,,24.1,,101.09,,,,,,Mostly Cloudy
-123.18,49.2,VANCOUVER INT'L A,1108447,5/26/2008 4:00,2008,5,26,4:00,14.6,,11.5,,82,,,,11,,7,,24.1,,101.08,,,,,,Mostly Cloudy
-123.18,49.2,VANCOUVER INT'L A,1108447,5/26/2008 5:00,2008,5,26,5:00,14.2,,10.9,,81,,,,26,,7,,24.1,,101.07,,,,,,Mostly Cloudy
-123.18,49.2,VANCOUVER INT'L A,1108447,5/26/2008 6:00,2008,5,26,6:00,14,,10.9,,82,,,,16,,6,,24.1,,101.06,,,,,,Mostly Cloudy
-123.18,49.2,VANCOUVER INT'L A,1108447,5/26/2008 7:00,2008,5,26,7:00,14.7,,11.2,,80,,,,16,,7,,24.1,,101.06,,,,,,Mostly Cloudy
-123.18,49.2,VANCOUVER INT'L A,1108447,5/26/2008 8:00,2008,5,26,8:00,16.1,,11.2,,73,,,,15,,13,,24.1,,101.05,,,,,,Mostly Cloudy
-123.18,49.2,VANCOUVER INT'L A,1108447,5/26/2008 9:00,2008,5,26,9:00,17.1,,12,,72,,,,11,,13,,24.1,,101.06,,,,,,Mostly Cloudy
-123.18,49.2,VANCOUVER INT'L A,1108447,5/26/2008 10:00,2008,5,26,10:00,17.6,,11.1,,66,,,,12,,13,,24.1,,101.07,,,,,,Mostly Cloudy
-123.18,49.2,VANCOUVER INT'L A,1108447,5/26/2008 11:00,2008,5,26,11:00,17.8,,11,,64,,,,15,,19,,24.1,,101.08,,,,,,Mostly Cloudy
-123.18,49.2,VANCOUVER INT'L A,1108447,5/26/2008 12:00,2008,5,26,12:00,18.3,,10.8,,62,,,,15,,15,,24.1,,101.09,,,,,,Mostly Cloudy
-123.18,49.2,VANCOUVER INT'L A,1108447,5/26/2008 13:00,2008,5,26,13:00,18.8,,10.7,,59,,,,15,,19,,24.1,,101.07,,,,,,Mostly Cloudy
-123.18,49.2,VANCOUVER INT'L A,1108447,5/26/2008 14:00,2008,5,26,14:00,19,,11.2,,61,,,,15,,13,,24.1,,101.08,,,,,,Mostly Cloudy
-123.18,49.2,VANCOUVER INT'L A,1108447,5/26/2008 15:00,2008,5,26,15:00,18.8,,11,,60,,,,18,,15,,32.2,,101.11,,,,,,Mostly Cloudy
-123.18,49.2,VANCOUVER INT'L A,1108447,5/26/2008 16:00,2008,5,26,16:00,17.7,,12.6,,72,,,,21,,17,,32.2,,101.13,,,,,,Cloudy
-123.18,49.2,VANCOUVER INT'L A,1108447,5/26/2008 17:00,2008,5,26,17:00,17.1,,12.4,,74,,,,12,,13,,24.1,,101.12,,,,,,Cloudy
-123.18,49.2,VANCOUVER INT'L A,1108447,5/26/2008 18:00,2008,5,26,18:00,16,,12.7,,81,,,,12,,13,,24.1,,101.14,,,,,,Cloudy
-123.18,49.2,VANCOUVER INT'L A,1108447,5/26/2008 19:00,2008,5,26,19:00,16.2,,12.1,,77,,,,13,,6,,24.1,,101.2,,,,,,Cloudy
-123.18,49.2,VANCOUVER INT'L A,1108447,5/26/2008 20:00,2008,5,26,20:00,15,,11.2,,78,,,,22,,6,,24.1,,101.25,,,,,,Mostly Cloudy
-123.18,49.2,VANCOUVER INT'L A,1108447,5/26/2008 21:00,2008,5,26,21:00,14.7,,10.8,,77,,,,15,,7,,24.1,,101.32,,,,,,Mostly Cloudy
-123.18,49.2,VANCOUVER INT'L A,1108447,5/26/2008 22:00,2008,5,26,22:00,14.2,,10.9,,81,,,,11,,13,,24.1,,101.35,,,,,,Cloudy
-123.18,49.2,VANCOUVER INT'L A,1108447,5/26/2008 23:00,2008,5,26,23:00,14.2,,11,,81,,,,9,,7,,24.1,,101.37,,,,,,Cloudy
-123.18,49.2,VANCOUVER INT'L A,1108447,5/27/2008 0:00,2008,5,27,0:00,14.4,,11.1,,81,,,,13,,7,,24.1,,101.42,,,,,,Cloudy
-123.18,49.2,VANCOUVER INT'L A,1108447,5/27/2008 1:00,2008,5,27,1:00,13.8,,10.6,,81,,,,12,,11,,24.1,,101.43,,,,,,Cloudy
-123.18,49.2,VANCOUVER INT'L A,1108447,5/27/2008 2:00,2008,5,27,2:00,13.1,,10.2,,83,,,,11,,11,,24.1,,101.45,,,,,,Mostly Cloudy
-123.18,49.2,VANCOUVER INT'L A,1108447,5/27/2008 3:00,2008,5,27,3:00,13.8,,10.4,,80,,,,15,,6,,24.1,,101.47,,,,,,Cloudy
-123.18,49.2,VANCOUVER INT'L A,1108447,5/27/2008 4:00,2008,5,27,4:00,13.2,,10.4,,83,,,,11,,9,,24.1,,101.48,,,,,,Cloudy
-123.18,49.2,VANCOUVER INT'L A,1108447,5/27/2008 5:00,2008,5,27,5:00,14.1,,10.3,,78,,,,22,,7,,24.1,,101.52,,,,,,Cloudy
-123.18,49.2,VANCOUVER INT'L A,1108447,5/27/2008 6:00,2008,5,27,6:00,13.8,,10.5,,80,,,,,,0,,24.1,,101.53,,,,,,Cloudy
-123.18,49.2,VANCOUVER INT'L A,1108447,5/27/2008 7:00,2008,5,27,7:00,14.9,,11.1,,78,,,,,,0,,24.1,,101.55,,,,,,Cloudy
-123.18,49.2,VANCOUVER INT'L A,1108447,5/27/2008 8:00,2008,5,27,8:00,15.4,,12.3,,82,,,,28,,6,,24.1,,101.58,,,,,,Cloudy
-123.18,49.2,VANCOUVER INT'L A,1108447,5/27/2008 9:00,2008,5,27,9:00,15.9,,11.9,,77,,,,23,,6,,24.1,,101.61,,,,,,Cloudy
-123.18,49.2,VANCOUVER INT'L A,1108447,5/27/2008 10:00,2008,5,27,10:00,16.6,,11.6,,72,,,,13,,7,,24.1,,101.61,,,,,,Cloudy
-123.18,49.2,VANCOUVER INT'L A,1108447,5/27/2008 11:00,2008,5,27,11:00,16.8,,11.3,,70,,,,26,,9,,24.1,,101.61,,,,,,Cloudy
-123.18,49.2,VANCOUVER INT'L A,1108447,5/27/2008 12:00,2008,5,27,12:00,15.1,,11.2,,78,,,,25,,13,,24.1,,101.6,,,,,,Cloudy
-123.18,49.2,VANCOUVER INT'L A,1108447,5/27/2008 13:00,2008,5,27,13:00,15.1,,10.8,,75,,,,26,,11,,24.1,,101.58,,,,,,Cloudy
-123.18,49.2,VANCOUVER INT'L A,1108447,5/27/2008 14:00,2008,5,27,14:00,16.1,,11.7,,75,,,,25,,11,,32.2,,101.54,,,,,,Cloudy
-123.18,49.2,VANCOUVER INT'L A,1108447,5/27/2008 15:00,2008,5,27,15:00,17.6,,12.3,,71,,,,29,,13,,48.3,,101.47,,,,,,Mainly Clear
-123.18,49.2,VANCOUVER INT'L A,1108447,5/27/2008 16:00,2008,5,27,16:00,16.6,,12.5,,77,,,,27,,13,,48.3,,101.42,,,,,,Mainly Clear
-123.18,49.2,VANCOUVER INT'L A,1108447,5/27/2008 17:00,2008,5,27,17:00,16.6,,12.3,,76,,,,27,,15,,48.3,,101.38,,,,,,Mainly Clear
-123.18,49.2,VANCOUVER INT'L A,1108447,5/27/2008 18:00,2008,5,27,18:00,16.2,,11.5,,74,,,,29,,13,,48.3,,101.35,,,,,,Mainly Clear
-123.18,49.2,VANCOUVER INT'L A,1108447,5/27/2008 19:00,2008,5,27,19:00,15.4,,12,,80,,,,25,,7,,48.3,,101.35,,,,,,Mainly Clear
-123.18,49.2,VANCOUVER INT'L A,1108447,5/27/2008 20:00,2008,5,27,20:00,14.5,,11.9,,84,,,,25,,6,,32.2,,101.33,,,,,,Mainly Clear
-123.18,49.2,VANCOUVER INT'L A,1108447,5/27/2008 21:00,2008,5,27,21:00,14.3,,12.1,,87,,,,20,,4,,32.2,,101.36,,,,,,Mainly Clear
-123.18,49.2,VANCOUVER INT'L A,1108447,5/27/2008 22:00,2008,5,27,22:00,14.2,,12,,87,,,,23,,7,,32.2,,101.36,,,,,,Mainly Clear
-123.18,49.2,VANCOUVER INT'L A,1108447,5/27/2008 23:00,2008,5,27,23:00,14.1,,11.6,,85,,,,20,,4,,24.1,,101.37,,,,,,Mainly Clear
-123.18,49.2,VANCOUVER INT'L A,1108447,5/28/2008 0:00,2008,5,28,0:00,13.8,,11.3,,85,,,,20,,6,,16.1,,101.35,,,,,,Mainly Clear
-123.18,49.2,VANCOUVER INT'L A,1108447,5/28/2008 1:00,2008,5,28,1:00,12.7,,10.6,,87,,,,20,,4,,12.9,,101.34,,,,,,Mainly Clear
-123.18,49.2,VANCOUVER INT'L A,1108447,5/28/2008 2:00,2008,5,28,2:00,13.1,,11.5,,90,,,,15,,4,,0.8,,101.33,,,,,,Fog
-123.18,49.2,VANCOUVER INT'L A,1108447,5/28/2008 3:00,2008,5,28,3:00,12.7,,11.2,,91,,,,11,,4,,0.8,,101.33,,,,,,Fog
-123.18,49.2,VANCOUVER INT'L A,1108447,5/28/2008 4:00,2008,5,28,4:00,12.5,,11.1,,91,,,,11,,7,,0.4,,101.31,,,,,,Fog
-123.18,49.2,VANCOUVER INT'L A,1108447,5/28/2008 5:00,2008,5,28,5:00,12.9,,11.5,,91,,,,11,,6,,2.4,,101.31,,,,,,Fog
-123.18,49.2,VANCOUVER INT'L A,1108447,5/28/2008 6:00,2008,5,28,6:00,13.7,,12.1,,90,,,,12,,6,,3.2,,101.3,,,,,,Fog
-123.18,49.2,VANCOUVER INT'L A,1108447,5/28/2008 7:00,2008,5,28,7:00,13.9,,11.9,,88,,,,12,,9,,4,,101.3,,,,,,Fog
-123.18,49.2,VANCOUVER INT'L A,1108447,5/28/2008 8:00,2008,5,28,8:00,14.2,,11.9,,86,,,,24,,9,,8,,101.29,,,,,,Fog
-123.18,49.2,VANCOUVER INT'L A,1108447,5/28/2008 9:00,2008,5,28,9:00,14.6,,12,,84,,,,24,,6,,12.9,,101.27,,,,,,Cloudy
-123.18,49.2,VANCOUVER INT'L A,1108447,5/28/2008 10:00,2008,5,28,10:00,16.3,,12.5,,78,,,,23,,9,,19.3,,101.26,,,,,,Mostly Cloudy
-123.18,49.2,VANCOUVER INT'L A,1108447,5/28/2008 11:00,2008,5,28,11:00,18.1,,13.5,,74,,,,24,,17,,24.1,,101.25,,,,,,Mostly Cloudy
-123.18,49.2,VANCOUVER INT'L A,1108447,5/28/2008 12:00,2008,5,28,12:00,19,,13.4,,70,,,,24,,19,,24.1,,101.23,,,,,,Mainly Clear
-123.18,49.2,VANCOUVER INT'L A,1108447,5/28/2008 13:00,2008,5,28,13:00,17.1,,13.5,,79,,,,24,,15,,24.1,,101.2,,,,,,Mostly Cloudy
-123.18,49.2,VANCOUVER INT'L A,1108447,5/28/2008 14:00,2008,5,28,14:00,17.6,,13.5,,77,,,,23,,11,,24.1,,101.22,,,,,,Mostly Cloudy
-123.18,49.2,VANCOUVER INT'L A,1108447,5/28/2008 15:00,2008,5,28,15:00,16.3,,12.5,,78,,,,24,,9,,24.1,,101.2,,,,,,Mostly Cloudy
-123.18,49.2,VANCOUVER INT'L A,1108447,5/28/2008 16:00,2008,5,28,16:00,16.6,,12.9,,79,,,,26,,9,,24.1,,101.22,,,,,,Mostly Cloudy
-123.18,49.2,VANCOUVER INT'L A,1108447,5/28/2008 17:00,2008,5,28,17:00,17.7,,13.1,,74,,,,33,,6,,24.1,,101.19,,,,,,Mostly Cloudy
-123.18,49.2,VANCOUVER INT'L A,1108447,5/28/2008 18:00,2008,5,28,18:00,18.3,,13.1,,72,,,,23,,7,,24.1,,101.18,,,,,,Mostly Cloudy
-123.18,49.2,VANCOUVER INT'L A,1108447,5/28/2008 19:00,2008,5,28,19:00,16.8,,10.5,,66,,,,14,,19,,24.1,,101.2,,,,,,Mostly Cloudy
-123.18,49.2,VANCOUVER INT'L A,1108447,5/28/2008 20:00,2008,5,28,20:00,14.9,,9,,68,,,,14,,22,,24.1,,101.23,,,,,,Mostly Cloudy
-123.18,49.2,VANCOUVER INT'L A,1108447,5/28/2008 21:00,2008,5,28,21:00,14.2,,8.7,,69,,,,13,,20,,24.1,,101.29,,,,,,Mostly Cloudy
-123.18,49.2,VANCOUVER INT'L A,1108447,5/28/2008 22:00,2008,5,28,22:00,13.5,,8.1,,70,,,,11,,24,,24.1,,101.33,,,,,,Mostly Cloudy
-123.18,49.2,VANCOUVER INT'L A,1108447,5/28/2008 23:00,2008,5,28,23:00,12.2,,8.1,,76,,,,10,,22,,24.1,,101.38,,,,,,Mainly Clear
-123.18,49.2,VANCOUVER INT'L A,1108447,5/29/2008 0:00,2008,5,29,0:00,12,,9.5,,85,,,,10,,20,,24.1,,101.42,,,,,,Mainly Clear
-123.18,49.2,VANCOUVER INT'L A,1108447,5/29/2008 1:00,2008,5,29,1:00,11.7,,7.9,,77,,,,11,,26,,24.1,,101.46,,,,,,Mainly Clear
-123.18,49.2,VANCOUVER INT'L A,1108447,5/29/2008 2:00,2008,5,29,2:00,11.3,,7.9,,80,,,,12,,24,,24.1,,101.5,,,,,,Mainly Clear
-123.18,49.2,VANCOUVER INT'L A,1108447,5/29/2008 3:00,2008,5,29,3:00,10.8,,7.2,,78,,,,12,,26,,24.1,,101.54,,,,,,Mainly Clear
-123.18,49.2,VANCOUVER INT'L A,1108447,5/29/2008 4:00,2008,5,29,4:00,9.2,,5.7,,79,,,,11,,22,,24.1,,101.57,,,,,,Mainly Clear
-123.18,49.2,VANCOUVER INT'L A,1108447,5/29/2008 5:00,2008,5,29,5:00,9.1,,5.2,,77,,,,11,,19,,24.1,,101.62,,,,,,Mainly Clear
-123.18,49.2,VANCOUVER INT'L A,1108447,5/29/2008 6:00,2008,5,29,6:00,10.1,,5.4,,73,,,,11,,19,,32.2,,101.68,,,,,,Mainly Clear
-123.18,49.2,VANCOUVER INT'L A,1108447,5/29/2008 7:00,2008,5,29,7:00,11,,5.4,,68,,,,12,,26,,24.1,,101.73,,,,,,Mostly Cloudy
-123.18,49.2,VANCOUVER INT'L A,1108447,5/29/2008 8:00,2008,5,29,8:00,11.4,,4.9,,64,,,,13,,22,,32.2,,101.78,,,,,,Mostly Cloudy
-123.18,49.2,VANCOUVER INT'L A,1108447,5/29/2008 9:00,2008,5,29,9:00,12,,5.2,,63,,,,12,,20,,32.2,,101.81,,,,,,Mostly Cloudy
-123.18,49.2,VANCOUVER INT'L A,1108447,5/29/2008 10:00,2008,5,29,10:00,13.1,,6.2,,63,,,,14,,28,,32.2,,101.84,,,,,,Mostly Cloudy
-123.18,49.2,VANCOUVER INT'L A,1108447,5/29/2008 11:00,2008,5,29,11:00,13.4,,6.1,,61,,,,12,,26,,32.2,,101.87,,,,,,Mostly Cloudy
-123.18,49.2,VANCOUVER INT'L A,1108447,5/29/2008 12:00,2008,5,29,12:00,13.4,,5.6,,59,,,,14,,20,,32.2,,101.9,,,,,,Mostly Cloudy
-123.18,49.2,VANCOUVER INT'L A,1108447,5/29/2008 13:00,2008,5,29,13:00,13.3,,5.4,,59,,,,16,,20,,32.2,,101.93,,,,,,Mostly Cloudy
-123.18,49.2,VANCOUVER INT'L A,1108447,5/29/2008 14:00,2008,5,29,14:00,14.7,,6.2,,57,,,,10,,22,,32.2,,101.94,,,,,,Mostly Cloudy
-123.18,49.2,VANCOUVER INT'L A,1108447,5/29/2008 15:00,2008,5,29,15:00,15,,5.9,,54,,,,13,,20,,32.2,,101.94,,,,,,Mostly Cloudy
-123.18,49.2,VANCOUVER INT'L A,1108447,5/29/2008 16:00,2008,5,29,16:00,15,,6.4,,56,,,,11,,15,,32.2,,101.93,,,,,,Mainly Clear
-123.18,49.2,VANCOUVER INT'L A,1108447,5/29/2008 17:00,2008,5,29,17:00,14.4,,5.4,,55,,,,12,,17,,32.2,,101.94,,,,,,Mainly Clear
-123.18,49.2,VANCOUVER INT'L A,1108447,5/29/2008 18:00,2008,5,29,18:00,13.8,,5.2,,56,,,,15,,19,,32.2,,101.94,,,,,,Mainly Clear
-123.18,49.2,VANCOUVER INT'L A,1108447,5/29/2008 19:00,2008,5,29,19:00,13.1,,4.9,,57,,,,14,,17,,32.2,,101.96,,,,,,Mainly Clear
-123.18,49.2,VANCOUVER INT'L A,1108447,5/29/2008 20:00,2008,5,29,20:00,11.9,,5.2,,63,,,,13,,13,,32.2,,101.99,,,,,,Mainly Clear
-123.18,49.2,VANCOUVER INT'L A,1108447,5/29/2008 21:00,2008,5,29,21:00,11,,5.5,,69,,,,11,,17,,32.2,,102.04,,,,,,Mainly Clear
-123.18,49.2,VANCOUVER INT'L A,1108447,5/29/2008 22:00,2008,5,29,22:00,10.6,,5.3,,70,,,,11,,17,,32.2,,102.08,,,,,,Mainly Clear
-123.18,49.2,VANCOUVER INT'L A,1108447,5/29/2008 23:00,2008,5,29,23:00,8.8,,4.7,,75,,,,10,,13,,32.2,,102.11,,,,,,Mainly Clear
-123.18,49.2,VANCOUVER INT'L A,1108447,5/30/2008 0:00,2008,5,30,0:00,9.7,,5.4,,75,,,,9,,11,,32.2,,102.12,,,,,,Mostly Cloudy
-123.18,49.2,VANCOUVER INT'L A,1108447,5/30/2008 1:00,2008,5,30,1:00,10.4,,5.8,,73,,,,10,,17,,32.2,,102.14,,,,,,Mostly Cloudy
-123.18,49.2,VANCOUVER INT'L A,1108447,5/30/2008 2:00,2008,5,30,2:00,10.5,,5.6,,72,,,,11,,15,,32.2,,102.16,,,,,,Mostly Cloudy
-123.18,49.2,VANCOUVER INT'L A,1108447,5/30/2008 3:00,2008,5,30,3:00,10.6,,5.5,,71,,,,11,,19,,32.2,,102.15,,,,,,Mostly Cloudy
-123.18,49.2,VANCOUVER INT'L A,1108447,5/30/2008 4:00,2008,5,30,4:00,10.6,,5.4,,70,,,,11,,15,,32.2,,102.16,,,,,,Mostly Cloudy
-123.18,49.2,VANCOUVER INT'L A,1108447,5/30/2008 5:00,2008,5,30,5:00,10.5,,5.1,,69,,,,12,,19,,32.2,,102.17,,,,,,Mostly Cloudy
-123.18,49.2,VANCOUVER INT'L A,1108447,5/30/2008 6:00,2008,5,30,6:00,11,,5.9,,71,,,,13,,15,,32.2,,102.18,,,,,,Cloudy
-123.18,49.2,VANCOUVER INT'L A,1108447,5/30/2008 7:00,2008,5,30,7:00,11.9,,7.3,,73,,,,9,,7,,32.2,,102.19,,,,,,Cloudy
-123.18,49.2,VANCOUVER INT'L A,1108447,5/30/2008 8:00,2008,5,30,8:00,12.8,,6.9,,67,,,,15,,7,,32.2,,102.22,,,,,,Cloudy
-123.18,49.2,VANCOUVER INT'L A,1108447,5/30/2008 9:00,2008,5,30,9:00,13.4,,5.8,,60,,,,18,,7,,32.2,,102.21,,,,,,Mostly Cloudy
-123.18,49.2,VANCOUVER INT'L A,1108447,5/30/2008 10:00,2008,5,30,10:00,14.9,,6.8,,58,,,,22,,19,,32.2,,102.21,,,,,,Mostly Cloudy
-123.18,49.2,VANCOUVER INT'L A,1108447,5/30/2008 11:00,2008,5,30,11:00,15.6,,6,,53,,,,22,,20,,32.2,,102.22,,,,,,Mostly Cloudy
-123.18,49.2,VANCOUVER INT'L A,1108447,5/30/2008 12:00,2008,5,30,12:00,13.8,,5.4,,57,,,,23,,17,,32.2,,102.24,,,,,,Mostly Cloudy
-123.18,49.2,VANCOUVER INT'L A,1108447,5/30/2008 13:00,2008,5,30,13:00,14.2,,5.5,,56,,,,23,,15,,32.2,,102.23,,,,,,Mostly Cloudy
-123.18,49.2,VANCOUVER INT'L A,1108447,5/30/2008 14:00,2008,5,30,14:00,15.3,,6.8,,57,,,,27,,13,,32.2,,102.2,,,,,,Mostly Cloudy
-123.18,49.2,VANCOUVER INT'L A,1108447,5/30/2008 15:00,2008,5,30,15:00,15.3,,6.1,,54,,,,27,,11,,32.2,,102.17,,,,,,Mainly Clear
-123.18,49.2,VANCOUVER INT'L A,1108447,5/30/2008 16:00,2008,5,30,16:00,14.9,,6,,55,,,,27,,7,,32.2,,102.14,,,,,,Mainly Clear
-123.18,49.2,VANCOUVER INT'L A,1108447,5/30/2008 17:00,2008,5,30,17:00,15.2,,6.3,,55,,,,28,,9,,32.2,,102.09,,,,,,Mainly Clear
-123.18,49.2,VANCOUVER INT'L A,1108447,5/30/2008 18:00,2008,5,30,18:00,14.8,,4.6,,50,,,,29,,7,,32.2,,102.04,,,,,,Clear
-123.18,49.2,VANCOUVER INT'L A,1108447,5/30/2008 19:00,2008,5,30,19:00,14.1,,4.7,,53,,,,28,,6,,32.2,,102.03,,,,,,Clear
-123.18,49.2,VANCOUVER INT'L A,1108447,5/30/2008 20:00,2008,5,30,20:00,13.1,,5.5,,60,,,,27,,6,,32.2,,102.02,,,,,,Clear
-123.18,49.2,VANCOUVER INT'L A,1108447,5/30/2008 21:00,2008,5,30,21:00,12.9,,6.3,,64,,,,22,,4,,32.2,,102.03,,,,,,Clear
-123.18,49.2,VANCOUVER INT'L A,1108447,5/30/2008 22:00,2008,5,30,22:00,12.6,,5.7,,63,,,,18,,6,,32.2,,102.03,,,,,,Clear
-123.18,49.2,VANCOUVER INT'L A,1108447,5/30/2008 23:00,2008,5,30,23:00,11.5,,6.3,,70,,,,13,,6,,32.2,,102.03,,,,,,Clear
-123.18,49.2,VANCOUVER INT'L A,1108447,5/31/2008 0:00,2008,5,31,0:00,11.4,,4.9,,64,,,,7,,6,,32.2,,102.01,,,,,,Clear
-123.18,49.2,VANCOUVER INT'L A,1108447,5/31/2008 1:00,2008,5,31,1:00,10.9,,5,,67,,,,,,0,,32.2,,102.01,,,,,,Clear
-123.18,49.2,VANCOUVER INT'L A,1108447,5/31/2008 2:00,2008,5,31,2:00,10.1,,4.9,,70,,,,4,,4,,32.2,,101.99,,,,,,Clear
-123.18,49.2,VANCOUVER INT'L A,1108447,5/31/2008 3:00,2008,5,31,3:00,9.5,,5.3,,75,,,,9,,6,,32.2,,101.99,,,,,,Clear
-123.18,49.2,VANCOUVER INT'L A,1108447,5/31/2008 4:00,2008,5,31,4:00,8.8,,5.4,,79,,,,,,0,,32.2,,101.99,,,,,,Clear
-123.18,49.2,VANCOUVER INT'L A,1108447,5/31/2008 5:00,2008,5,31,5:00,9.1,,5.6,,79,,,,8,,6,,32.2,,101.99,,,,,,Clear
-123.18,49.2,VANCOUVER INT'L A,1108447,5/31/2008 6:00,2008,5,31,6:00,11.1,,6.2,,72,,,,,,0,,32.2,,102.02,,,,,,Mainly Clear
-123.18,49.2,VANCOUVER INT'L A,1108447,5/31/2008 7:00,2008,5,31,7:00,12.9,,7.4,,69,,,,17,,4,,32.2,,102,,,,,,Mainly Clear
-123.18,49.2,VANCOUVER INT'L A,1108447,5/31/2008 8:00,2008,5,31,8:00,13.8,,8,,68,,,,26,,11,,32.2,,101.99,,,,,,Mainly Clear
-123.18,49.2,VANCOUVER INT'L A,1108447,5/31/2008 9:00,2008,5,31,9:00,14.2,,8.3,,68,,,,28,,13,,48.3,,101.98,,,,,,Mainly Clear
-123.18,49.2,VANCOUVER INT'L A,1108447,5/31/2008 10:00,2008,5,31,10:00,14.3,,9.6,,73,,,,28,,15,,48.3,,101.97,,,,,,Mainly Clear
-123.18,49.2,VANCOUVER INT'L A,1108447,5/31/2008 11:00,2008,5,31,11:00,14.7,,8.8,,68,,,,26,,17,,48.3,,101.96,,,,,,Mainly Clear
-123.18,49.2,VANCOUVER INT'L A,1108447,5/31/2008 12:00,2008,5,31,12:00,15.5,,9.1,,66,,,,25,,13,,48.3,,101.94,,,,,,Mainly Clear
-123.18,49.2,VANCOUVER INT'L A,1108447,5/31/2008 13:00,2008,5,31,13:00,16.2,,9.1,,63,,,,25,,11,,48.3,,101.9,,,,,,Mainly Clear
-123.18,49.2,VANCOUVER INT'L A,1108447,5/31/2008 14:00,2008,5,31,14:00,17,,9.3,,60,,,,23,,11,,48.3,,101.88,,,,,,Mainly Clear
-123.18,49.2,VANCOUVER INT'L A,1108447,5/31/2008 15:00,2008,5,31,15:00,17.7,,8,,53,,,,25,,9,,32.2,,101.84,,,,,,Mainly Clear
-123.18,49.2,VANCOUVER INT'L A,1108447,5/31/2008 16:00,2008,5,31,16:00,16.9,,7.9,,55,,,,24,,9,,32.2,,101.79,,,,,,Mostly Cloudy
-123.18,49.2,VANCOUVER INT'L A,1108447,5/31/2008 17:00,2008,5,31,17:00,16.5,,7.8,,56,,,,23,,11,,32.2,,101.76,,,,,,Mostly Cloudy
-123.18,49.2,VANCOUVER INT'L A,1108447,5/31/2008 18:00,2008,5,31,18:00,17.1,,7.5,,53,,,,20,,6,,32.2,,101.74,,,,,,Mostly Cloudy
-123.18,49.2,VANCOUVER INT'L A,1108447,5/31/2008 19:00,2008,5,31,19:00,16.9,,7.8,,55,,,,14,,13,,32.2,,101.75,,,,,,Mostly Cloudy
-123.18,49.2,VANCOUVER INT'L A,1108447,5/31/2008 20:00,2008,5,31,20:00,15.4,,7.4,,59,,,,13,,17,,32.2,,101.77,,,,,,Mostly Cloudy
-123.18,49.2,VANCOUVER INT'L A,1108447,5/31/2008 21:00,2008,5,31,21:00,14.1,,7.9,,66,,,,10,,15,,32.2,,101.81,,,,,,Mostly Cloudy
-123.18,49.2,VANCOUVER INT'L A,1108447,5/31/2008 22:00,2008,5,31,22:00,14.2,,8.2,,67,,,,9,,15,,32.2,,101.81,,,,,,Mostly Cloudy
-123.18,49.2,VANCOUVER INT'L A,1108447,5/31/2008 23:00,2008,5,31,23:00,13.9,,8.5,,70,,,,11,,17,,32.2,,101.81,,,,,,Mostly Cloudy
