Date/Time,Environment:Site Outdoor Air Drybulb Temperature [C](Hourly),PLENUM-1:Zone Mean Air Dewpoint Temperature [C](Hourly),SPACE1-1:Zone Mean Air Dewpoint Temperature [C](Hourly),SPACE2-1:Zone Mean Air Dewpoint Temperature [C](Hourly),SPACE3-1:Zone Mean Air Dewpoint Temperature [C](Hourly),SPACE4-1:Zone Mean Air Dewpoint Temperature [C](Hourly),SPACE5-1:Zone Mean Air Dewpoint Temperature [C](Hourly),PLENUM-1:Zone Air System Sensible Heating Rate [W](Hourly),PLENUM-1:Zone Air System Sensible Cooling Rate [W](Hourly),PLENUM-1:Zone Air Temperature [C](Hourly),SPACE1-1:Zone Air System Sensible Heating Rate [W](Hourly),SPACE1-1:Zone Air System Sensible Cooling Rate [W](Hourly),SPACE1-1:Zone Air Temperature [C](Hourly),SPACE2-1:Zone Air System Sensible Heating Rate [W](Hourly),SPACE2-1:Zone Air System Sensible Cooling Rate [W](Hourly),SPACE2-1:Zone Air Temperature [C](Hourly),SPACE3-1:Zone Air System Sensible Heating Rate [W](Hourly),SPACE3-1:Zone Air System Sensible Cooling Rate [W](Hourly),SPACE3-1:Zone Air Temperature [C](Hourly),SPACE4-1:Zone Air System Sensible Heating Rate [W](Hourly),SPACE4-1:Zone Air System Sensible Cooling Rate [W](Hourly),SPACE4-1:Zone Air Temperature [C](Hourly),SPACE5-1:Zone Air System Sensible Heating Rate [W](Hourly),SPACE5-1:Zone Air System Sensible Cooling Rate [W](Hourly),SPACE5-1:Zone Air Temperature [C](Hourly),SimHVAC:HVAC System Total Heat Rejection Energy [J](Each Call),HOT WATER LOOP:Plant Supply Side Cooling Demand Rate [W](Hourly),HOT WATER LOOP:Plant Supply Side Heating Demand Rate [W](Hourly),CHILLED WATER LOOP:Plant Supply Side Cooling Demand Rate [W](Hourly),CHILLED WATER LOOP:Plant Supply Side Heating Demand Rate [W](Hourly),SPACE1-1 ZONE COIL:Heating Coil Heating Rate [W](Hourly),SPACE2-1 ZONE COIL:Heating Coil Heating Rate [W](Hourly),SPACE3-1 ZONE COIL:Heating Coil Heating Rate [W](Hourly),SPACE4-1 ZONE COIL:Heating Coil Heating Rate [W](Hourly),SPACE5-1 ZONE COIL:Heating Coil Heating Rate [W](Hourly),OA HEATING COIL 1:Heating Coil Heating Rate [W](Hourly),MAIN HEATING COIL 1:Heating Coil Heating Rate [W](Hourly),OA COOLING COIL 1:Cooling Coil Total Cooling Rate [W](Hourly),OA COOLING COIL 1:Cooling Coil Sensible Cooling Rate [W](Hourly),MAIN COOLING COIL 1:Cooling Coil Total Cooling Rate [W](Hourly),MAIN COOLING COIL 1:Cooling Coil Sensible Cooling Rate [W](Hourly),CENTRAL BOILER:Boiler Heating Rate [W](Hourly),CENTRAL BOILER:Boiler NaturalGas Rate [W](Hourly),CENTRAL CHILLER:Chiller Electricity Rate [W](Hourly),CENTRAL CHILLER:Chiller Evaporator Cooling Rate [W](Hourly),CENTRAL CHILLER:Chiller Evaporator Inlet Temperature [C](Hourly),CENTRAL CHILLER:Chiller Evaporator Outlet Temperature [C](Hourly),CENTRAL CHILLER:Chiller Evaporator Mass Flow Rate [kg/s](Hourly),CENTRAL CHILLER:Chiller Condenser Heat Transfer Rate [W](Hourly),HW CIRC PUMP:Pump Outlet Temperature [C](Hourly),HW CIRC PUMP:Pump Mass Flow Rate [kg/s](Hourly),CW CIRC PUMP:Pump Outlet Temperature [C](Hourly),CW CIRC PUMP:Pump Mass Flow Rate [kg/s](Hourly),MIXED AIR NODE 1:System Node Temperature [C](Hourly),MIXED AIR NODE 1:System Node Humidity Ratio [kgWater/kgDryAir](Hourly),MIXED AIR NODE 1:System Node Dewpoint Temperature [C](Hourly),VAV SYS 1 OUTLET NODE:System Node Temperature [C](Hourly),VAV SYS 1 OUTLET NODE:System Node Mass Flow Rate [kg/s](Hourly),VAV SYS 1 OUTLET NODE:System Node Humidity Ratio [kgWater/kgDryAir](Hourly),VAV SYS 1 OUTLET NODE:System Node Setpoint Temperature [C](Hourly),OA HEATING COIL 1 WATER INLET NODE:System Node Temperature [C](Hourly),OA HEATING COIL 1 WATER INLET NODE:System Node Mass Flow Rate [kg/s](Hourly),MAIN HEATING COIL 1 WATER INLET NODE:System Node Mass Flow Rate [kg/s](Hourly),MAIN COOLING COIL 1 WATER INLET NODE:System Node Mass Flow Rate [kg/s](Hourly),OA COOLING COIL 1 WATER INLET NODE:System Node Temperature [C](Hourly),OA COOLING COIL 1 WATER INLET NODE:System Node Mass Flow Rate [kg/s](Hourly),OA MIXING BOX 1 INLET NODE:System Node Temperature [C](Hourly),OA MIXING BOX 1 INLET NODE:System Node Mass Flow Rate [kg/s](Hourly),OA MIXING BOX 1 INLET NODE:System Node Humidity Ratio [kgWater/kgDryAir](Hourly),OA MIXING BOX 1 INLET NODE:System Node Setpoint Temperature [C](Hourly),OA HEATING COIL 1 AIR OUTLET NODE:System Node Temperature [C](Hourly),OA HEATING COIL 1 AIR OUTLET NODE:System Node Mass Flow Rate [kg/s](Hourly),OA HEATING COIL 1 AIR OUTLET NODE:System Node Humidity Ratio [kgWater/kgDryAir](Hourly),OA HEATING COIL 1 AIR OUTLET NODE:System Node Setpoint Temperature [C](Hourly) 
 07/01  00:05:00,,,,,,,,,,,,,,,,,,,,,,,,,,0,,,,,,,,,,,,,,,,,,,,,,,,,,,,,,,,,,,,,,,,,,,,,,,,
 07/01  00:10:00,,,,,,,,,,,,,,,,,,,,,,,,,,0,,,,,,,,,,,,,,,,,,,,,,,,,,,,,,,,,,,,,,,,,,,,,,,,
 07/01  00:15:00,,,,,,,,,,,,,,,,,,,,,,,,,,0,,,,,,,,,,,,,,,,,,,,,,,,,,,,,,,,,,,,,,,,,,,,,,,,
 07/01  00:20:00,,,,,,,,,,,,,,,,,,,,,,,,,,0,,,,,,,,,,,,,,,,,,,,,,,,,,,,,,,,,,,,,,,,,,,,,,,,
 07/01  00:25:00,,,,,,,,,,,,,,,,,,,,,,,,,,0,,,,,,,,,,,,,,,,,,,,,,,,,,,,,,,,,,,,,,,,,,,,,,,,
 07/01  00:30:00,,,,,,,,,,,,,,,,,,,,,,,,,,0,,,,,,,,,,,,,,,,,,,,,,,,,,,,,,,,,,,,,,,,,,,,,,,,
 07/01  00:35:00,,,,,,,,,,,,,,,,,,,,,,,,,,0,,,,,,,,,,,,,,,,,,,,,,,,,,,,,,,,,,,,,,,,,,,,,,,,
 07/01  00:40:00,,,,,,,,,,,,,,,,,,,,,,,,,,0,,,,,,,,,,,,,,,,,,,,,,,,,,,,,,,,,,,,,,,,,,,,,,,,
 07/01  00:45:00,,,,,,,,,,,,,,,,,,,,,,,,,,0,,,,,,,,,,,,,,,,,,,,,,,,,,,,,,,,,,,,,,,,,,,,,,,,
 07/01  00:50:00,,,,,,,,,,,,,,,,,,,,,,,,,,0,,,,,,,,,,,,,,,,,,,,,,,,,,,,,,,,,,,,,,,,,,,,,,,,
 07/01  00:55:00,,,,,,,,,,,,,,,,,,,,,,,,,,0,,,,,,,,,,,,,,,,,,,,,,,,,,,,,,,,,,,,,,,,,,,,,,,,
 07/01  01:00:00,15.76666667,12.59169052,12.33940487,11.85058147,12.41097071,11.78376471,13.33536879,0,0,22.65795232,15.84,0,20.77293205,6.84,0,20.8248181,15.84,0,20.74805311,6.84,0,20.95919357,29.64,0,21.37113454,0,0,0,0,0,0,0,0,0,0,0,0,0,0,0,0,0,0,0,0,8.513551436,8.513551436,0,0,46.44393786,0,8.513551436,0,22.71781278,0.011187906,12.59169052,22.71781278,0,0.011187906,13,81.99998038,0,0,0,7.22,0,15.76666667,0,0.011465915,11.5,15.76666667,0,0.011465915,4.5
 07/01  01:05:00,,,,,,,,,,,,,,,,,,,,,,,,,,0,,,,,,,,,,,,,,,,,,,,,,,,,,,,,,,,,,,,,,,,,,,,,,,,
 07/01  01:10:00,,,,,,,,,,,,,,,,,,,,,,,,,,0,,,,,,,,,,,,,,,,,,,,,,,,,,,,,,,,,,,,,,,,,,,,,,,,
 07/01  01:15:00,,,,,,,,,,,,,,,,,,,,,,,,,,0,,,,,,,,,,,,,,,,,,,,,,,,,,,,,,,,,,,,,,,,,,,,,,,,
 07/01  01:20:00,,,,,,,,,,,,,,,,,,,,,,,,,,0,,,,,,,,,,,,,,,,,,,,,,,,,,,,,,,,,,,,,,,,,,,,,,,,
 07/01  01:25:00,,,,,,,,,,,,,,,,,,,,,,,,,,0,,,,,,,,,,,,,,,,,,,,,,,,,,,,,,,,,,,,,,,,,,,,,,,,
 07/01  01:30:00,,,,,,,,,,,,,,,,,,,,,,,,,,0,,,,,,,,,,,,,,,,,,,,,,,,,,,,,,,,,,,,,,,,,,,,,,,,
 07/01  01:35:00,,,,,,,,,,,,,,,,,,,,,,,,,,0,,,,,,,,,,,,,,,,,,,,,,,,,,,,,,,,,,,,,,,,,,,,,,,,
 07/01  01:40:00,,,,,,,,,,,,,,,,,,,,,,,,,,0,,,,,,,,,,,,,,,,,,,,,,,,,,,,,,,,,,,,,,,,,,,,,,,,
 07/01  01:45:00,,,,,,,,,,,,,,,,,,,,,,,,,,0,,,,,,,,,,,,,,,,,,,,,,,,,,,,,,,,,,,,,,,,,,,,,,,,
 07/01  01:50:00,,,,,,,,,,,,,,,,,,,,,,,,,,0,,,,,,,,,,,,,,,,,,,,,,,,,,,,,,,,,,,,,,,,,,,,,,,,
 07/01  01:55:00,,,,,,,,,,,,,,,,,,,,,,,,,,0,,,,,,,,,,,,,,,,,,,,,,,,,,,,,,,,,,,,,,,,,,,,,,,,
 07/01  02:00:00,14.80416667,12.55937323,12.30715184,11.81845299,12.37869955,11.75165332,13.30286122,0,0,21.98801755,15.84,0,20.5417099,6.84,0,20.59500541,15.84,0,20.52719269,6.84,0,20.6659423,29.64,0,21.17551402,0,0,0,0,0,0,0,0,0,0,0,0,0,0,0,0,0,0,0,0,8.513551436,8.513551436,0,0,46.44393786,0,8.513551436,0,22.04078044,0.011187906,12.55937323,22.04078044,0,0.011187906,13,81.99998038,0,0,0,7.22,0,14.80416667,0,0.011344154,11.5,14.80416667,0,0.011344154,4.5
 07/01  02:05:00,,,,,,,,,,,,,,,,,,,,,,,,,,0,,,,,,,,,,,,,,,,,,,,,,,,,,,,,,,,,,,,,,,,,,,,,,,,
 07/01  02:10:00,,,,,,,,,,,,,,,,,,,,,,,,,,0,,,,,,,,,,,,,,,,,,,,,,,,,,,,,,,,,,,,,,,,,,,,,,,,
 07/01  02:15:00,,,,,,,,,,,,,,,,,,,,,,,,,,0,,,,,,,,,,,,,,,,,,,,,,,,,,,,,,,,,,,,,,,,,,,,,,,,
 07/01  02:20:00,,,,,,,,,,,,,,,,,,,,,,,,,,0,,,,,,,,,,,,,,,,,,,,,,,,,,,,,,,,,,,,,,,,,,,,,,,,
 07/01  02:25:00,,,,,,,,,,,,,,,,,,,,,,,,,,0,,,,,,,,,,,,,,,,,,,,,,,,,,,,,,,,,,,,,,,,,,,,,,,,
 07/01  02:30:00,,,,,,,,,,,,,,,,,,,,,,,,,,0,,,,,,,,,,,,,,,,,,,,,,,,,,,,,,,,,,,,,,,,,,,,,,,,
 07/01  02:35:00,,,,,,,,,,,,,,,,,,,,,,,,,,0,,,,,,,,,,,,,,,,,,,,,,,,,,,,,,,,,,,,,,,,,,,,,,,,
 07/01  02:40:00,,,,,,,,,,,,,,,,,,,,,,,,,,0,,,,,,,,,,,,,,,,,,,,,,,,,,,,,,,,,,,,,,,,,,,,,,,,
 07/01  02:45:00,,,,,,,,,,,,,,,,,,,,,,,,,,0,,,,,,,,,,,,,,,,,,,,,,,,,,,,,,,,,,,,,,,,,,,,,,,,
 07/01  02:50:00,,,,,,,,,,,,,,,,,,,,,,,,,,0,,,,,,,,,,,,,,,,,,,,,,,,,,,,,,,,,,,,,,,,,,,,,,,,
 07/01  02:55:00,,,,,,,,,,,,,,,,,,,,,,,,,,0,,,,,,,,,,,,,,,,,,,,,,,,,,,,,,,,,,,,,,,,,,,,,,,,
 07/01  03:00:00,13.65,12.56784905,12.31561073,11.82687954,12.38716324,11.76007523,13.31138678,0,0,21.38962369,15.84,0,20.33128427,6.84,0,20.39228196,15.84,0,20.32057043,6.84,0,20.43137239,29.64,0,21.0116781,0,0,0,0,0,0,0,0,0,0,0,0,0,0,0,0,0,0,0,0,8.513551436,8.513551436,0,0,46.44393786,0,8.513551436,0,21.43730641,0.011187906,12.56784905,21.43730641,0,0.011187906,13,81.99998038,0,0,0,7.22,0,13.65,0,0.010153529,11.5,13.65,0,0.010153529,4.5
 07/01  03:05:00,,,,,,,,,,,,,,,,,,,,,,,,,,0,,,,,,,,,,,,,,,,,,,,,,,,,,,,,,,,,,,,,,,,,,,,,,,,
 07/01  03:10:00,,,,,,,,,,,,,,,,,,,,,,,,,,0,,,,,,,,,,,,,,,,,,,,,,,,,,,,,,,,,,,,,,,,,,,,,,,,
 07/01  03:15:00,,,,,,,,,,,,,,,,,,,,,,,,,,0,,,,,,,,,,,,,,,,,,,,,,,,,,,,,,,,,,,,,,,,,,,,,,,,
 07/01  03:20:00,,,,,,,,,,,,,,,,,,,,,,,,,,0,,,,,,,,,,,,,,,,,,,,,,,,,,,,,,,,,,,,,,,,,,,,,,,,
 07/01  03:25:00,,,,,,,,,,,,,,,,,,,,,,,,,,0,,,,,,,,,,,,,,,,,,,,,,,,,,,,,,,,,,,,,,,,,,,,,,,,
 07/01  03:30:00,,,,,,,,,,,,,,,,,,,,,,,,,,0,,,,,,,,,,,,,,,,,,,,,,,,,,,,,,,,,,,,,,,,,,,,,,,,
 07/01  03:35:00,,,,,,,,,,,,,,,,,,,,,,,,,,0,,,,,,,,,,,,,,,,,,,,,,,,,,,,,,,,,,,,,,,,,,,,,,,,
 07/01  03:40:00,,,,,,,,,,,,,,,,,,,,,,,,,,0,,,,,,,,,,,,,,,,,,,,,,,,,,,,,,,,,,,,,,,,,,,,,,,,
 07/01  03:45:00,,,,,,,,,,,,,,,,,,,,,,,,,,0,,,,,,,,,,,,,,,,,,,,,,,,,,,,,,,,,,,,,,,,,,,,,,,,
 07/01  03:50:00,,,,,,,,,,,,,,,,,,,,,,,,,,0,,,,,,,,,,,,,,,,,,,,,,,,,,,,,,,,,,,,,,,,,,,,,,,,
 07/01  03:55:00,,,,,,,,,,,,,,,,,,,,,,,,,,0,,,,,,,,,,,,,,,,,,,,,,,,,,,,,,,,,,,,,,,,,,,,,,,,
 07/01  04:00:00,12.50416667,12.56784905,12.31561073,11.82687954,12.38716324,11.76007523,13.31138678,0,0,20.85438005,15.84,0,20.12936683,6.84,0,20.19566882,15.84,0,20.11808166,6.84,0,20.21728496,29.64,0,20.863947,0,0,0,0,0,0,0,0,0,0,0,0,0,0,0,0,0,0,0,0,8.513551436,8.513551436,0,0,46.44393786,0,8.513551436,0,20.89605463,0.011187906,12.56784905,20.89605463,0,0.011187906,13,81.99998038,0,0,0,7.22,0,12.50416667,0,0.009007415,11.5,12.50416667,0,0.009007415,4.5
 07/01  04:05:00,,,,,,,,,,,,,,,,,,,,,,,,,,0,,,,,,,,,,,,,,,,,,,,,,,,,,,,,,,,,,,,,,,,,,,,,,,,
 07/01  04:10:00,,,,,,,,,,,,,,,,,,,,,,,,,,0,,,,,,,,,,,,,,,,,,,,,,,,,,,,,,,,,,,,,,,,,,,,,,,,
 07/01  04:15:00,,,,,,,,,,,,,,,,,,,,,,,,,,0,,,,,,,,,,,,,,,,,,,,,,,,,,,,,,,,,,,,,,,,,,,,,,,,
 07/01  04:20:00,,,,,,,,,,,,,,,,,,,,,,,,,,0,,,,,,,,,,,,,,,,,,,,,,,,,,,,,,,,,,,,,,,,,,,,,,,,
 07/01  04:25:00,,,,,,,,,,,,,,,,,,,,,,,,,,0,,,,,,,,,,,,,,,,,,,,,,,,,,,,,,,,,,,,,,,,,,,,,,,,
 07/01  04:30:00,,,,,,,,,,,,,,,,,,,,,,,,,,0,,,,,,,,,,,,,,,,,,,,,,,,,,,,,,,,,,,,,,,,,,,,,,,,
 07/01  04:35:00,,,,,,,,,,,,,,,,,,,,,,,,,,0,,,,,,,,,,,,,,,,,,,,,,,,,,,,,,,,,,,,,,,,,,,,,,,,
 07/01  04:40:00,,,,,,,,,,,,,,,,,,,,,,,,,,0,,,,,,,,,,,,,,,,,,,,,,,,,,,,,,,,,,,,,,,,,,,,,,,,
 07/01  04:45:00,,,,,,,,,,,,,,,,,,,,,,,,,,0,,,,,,,,,,,,,,,,,,,,,,,,,,,,,,,,,,,,,,,,,,,,,,,,
 07/01  04:50:00,,,,,,,,,,,,,,,,,,,,,,,,,,0,,,,,,,,,,,,,,,,,,,,,,,,,,,,,,,,,,,,,,,,,,,,,,,,
 07/01  04:55:00,,,,,,,,,,,,,,,,,,,,,,,,,,0,,,,,,,,,,,,,,,,,,,,,,,,,,,,,,,,,,,,,,,,,,,,,,,,
 07/01  05:00:00,12,12.57785882,12.32560066,11.83683047,12.3971588,11.77002115,13.32145563,0,0,20.37387644,15.84,0,19.80956209,6.84,0,20.00445357,15.84,0,19.91508794,6.84,0,19.96651812,29.64,0,20.71755032,0,0,0,0,0,0,0,0,0,0,0,0,0,0,0,0,0,0,0,0,8.513551436,8.513551436,0,0,46.44393786,0,8.513551436,0,20.41141059,0.011187906,12.57785882,20.41141059,0,0.011187906,13,81.99998038,0,0,0,7.22,0,12,0,0.008146288,11.5,12,0,0.008146288,4.5
 07/01  05:05:00,,,,,,,,,,,,,,,,,,,,,,,,,,0,,,,,,,,,,,,,,,,,,,,,,,,,,,,,,,,,,,,,,,,,,,,,,,,
 07/01  05:10:00,,,,,,,,,,,,,,,,,,,,,,,,,,0,,,,,,,,,,,,,,,,,,,,,,,,,,,,,,,,,,,,,,,,,,,,,,,,
 07/01  05:15:00,,,,,,,,,,,,,,,,,,,,,,,,,,0,,,,,,,,,,,,,,,,,,,,,,,,,,,,,,,,,,,,,,,,,,,,,,,,
 07/01  05:20:00,,,,,,,,,,,,,,,,,,,,,,,,,,0,,,,,,,,,,,,,,,,,,,,,,,,,,,,,,,,,,,,,,,,,,,,,,,,
 07/01  05:25:00,,,,,,,,,,,,,,,,,,,,,,,,,,0,,,,,,,,,,,,,,,,,,,,,,,,,,,,,,,,,,,,,,,,,,,,,,,,
 07/01  05:30:00,,,,,,,,,,,,,,,,,,,,,,,,,,0,,,,,,,,,,,,,,,,,,,,,,,,,,,,,,,,,,,,,,,,,,,,,,,,
 07/01  05:35:00,,,,,,,,,,,,,,,,,,,,,,,,,,0,,,,,,,,,,,,,,,,,,,,,,,,,,,,,,,,,,,,,,,,,,,,,,,,
 07/01  05:40:00,,,,,,,,,,,,,,,,,,,,,,,,,,0,,,,,,,,,,,,,,,,,,,,,,,,,,,,,,,,,,,,,,,,,,,,,,,,
 07/01  05:45:00,,,,,,,,,,,,,,,,,,,,,,,,,,0,,,,,,,,,,,,,,,,,,,,,,,,,,,,,,,,,,,,,,,,,,,,,,,,
 07/01  05:50:00,,,,,,,,,,,,,,,,,,,,,,,,,,0,,,,,,,,,,,,,,,,,,,,,,,,,,,,,,,,,,,,,,,,,,,,,,,,
 07/01  05:55:00,,,,,,,,,,,,,,,,,,,,,,,,,,0,,,,,,,,,,,,,,,,,,,,,,,,,,,,,,,,,,,,,,,,,,,,,,,,
 07/01  06:00:00,12.54166667,12.59632471,12.34402973,11.85518854,12.41559827,11.78836938,13.34003026,0,0,20.02098173,15.84,0,19.73296546,6.84,0,20.93635099,15.84,0,21.23649527,6.84,0,19.97054506,29.64,0,20.63953996,0,0,0,0,0,0,0,0,0,0,0,0,0,0,0,0,0,0,0,0,8.513551436,8.513551436,0,0,46.44393786,0,8.513551436,0,20.04256431,0.011187906,12.59632471,20.04256431,0,0.011187906,13,81.99998038,0,0,0,7.22,0,12.54166667,0,0.008498422,11.5,12.54166667,0,0.008498422,4.5
 07/01  06:01:00,,,,,,,,,,,,,,,,,,,,,,,,,,611675.4045,,,,,,,,,,,,,,,,,,,,,,,,,,,,,,,,,,,,,,,,,,,,,,,,
 07/01  06:02:00,,,,,,,,,,,,,,,,,,,,,,,,,,493698.5629,,,,,,,,,,,,,,,,,,,,,,,,,,,,,,,,,,,,,,,,,,,,,,,,
 07/01  06:03:00,,,,,,,,,,,,,,,,,,,,,,,,,,435218.6756,,,,,,,,,,,,,,,,,,,,,,,,,,,,,,,,,,,,,,,,,,,,,,,,
 07/01  06:04:00,,,,,,,,,,,,,,,,,,,,,,,,,,391607.1725,,,,,,,,,,,,,,,,,,,,,,,,,,,,,,,,,,,,,,,,,,,,,,,,
 07/01  06:05:00,,,,,,,,,,,,,,,,,,,,,,,,,,304801.498,,,,,,,,,,,,,,,,,,,,,,,,,,,,,,,,,,,,,,,,,,,,,,,,
 07/01  06:06:40,,,,,,,,,,,,,,,,,,,,,,,,,,572506.787,,,,,,,,,,,,,,,,,,,,,,,,,,,,,,,,,,,,,,,,,,,,,,,,
 07/01  06:08:19,,,,,,,,,,,,,,,,,,,,,,,,,,422886.8643,,,,,,,,,,,,,,,,,,,,,,,,,,,,,,,,,,,,,,,,,,,,,,,,
 07/01  06:10:00,,,,,,,,,,,,,,,,,,,,,,,,,,382888.0277,,,,,,,,,,,,,,,,,,,,,,,,,,,,,,,,,,,,,,,,,,,,,,,,
 07/01  06:12:30,,,,,,,,,,,,,,,,,,,,,,,,,,697922.8208,,,,,,,,,,,,,,,,,,,,,,,,,,,,,,,,,,,,,,,,,,,,,,,,
 07/01  06:15:00,,,,,,,,,,,,,,,,,,,,,,,,,,474165.5971,,,,,,,,,,,,,,,,,,,,,,,,,,,,,,,,,,,,,,,,,,,,,,,,
 07/01  06:20:00,,,,,,,,,,,,,,,,,,,,,,,,,,1021008.759,,,,,,,,,,,,,,,,,,,,,,,,,,,,,,,,,,,,,,,,,,,,,,,,
 07/01  06:25:00,,,,,,,,,,,,,,,,,,,,,,,,,,1032014.877,,,,,,,,,,,,,,,,,,,,,,,,,,,,,,,,,,,,,,,,,,,,,,,,
 07/01  06:30:00,,,,,,,,,,,,,,,,,,,,,,,,,,1061572.214,,,,,,,,,,,,,,,,,,,,,,,,,,,,,,,,,,,,,,,,,,,,,,,,
 07/01  06:35:00,,,,,,,,,,,,,,,,,,,,,,,,,,1059526.441,,,,,,,,,,,,,,,,,,,,,,,,,,,,,,,,,,,,,,,,,,,,,,,,
 07/01  06:40:00,,,,,,,,,,,,,,,,,,,,,,,,,,1080882.629,,,,,,,,,,,,,,,,,,,,,,,,,,,,,,,,,,,,,,,,,,,,,,,,
 07/01  06:45:00,,,,,,,,,,,,,,,,,,,,,,,,,,1094241.318,,,,,,,,,,,,,,,,,,,,,,,,,,,,,,,,,,,,,,,,,,,,,,,,
 07/01  06:50:00,,,,,,,,,,,,,,,,,,,,,,,,,,1108663.863,,,,,,,,,,,,,,,,,,,,,,,,,,,,,,,,,,,,,,,,,,,,,,,,
 07/01  06:55:00,,,,,,,,,,,,,,,,,,,,,,,,,,1121512.69,,,,,,,,,,,,,,,,,,,,,,,,,,,,,,,,,,,,,,,,,,,,,,,,
 07/01  07:00:00,14.08333333,12.02697646,11.60865872,10.96085112,11.67934585,10.87501354,12.70892453,746.5782894,0,20.43422084,1315.466566,0,22.11820353,19.92971291,418.741328,22.25197735,0,724.912773,22.63568834,539.0191007,0,22.13834086,1419.256774,0,22.08428323,1135047.942,0,5950.210587,1792.100007,0,2045.957152,231.5741497,20.2873422,1234.569391,2142.273977,0,0,672.2510991,672.2510991,977.1149022,977.1149022,5913.77954,7392.224425,757.744593,1792.100007,8.227261049,7.22,0.424278491,2549.8446,59.74179213,0.070484941,8.227261049,0.424278491,14.34277701,0.009429888,10.07693353,13.00043561,0.374358764,0.009429888,13,81.95607357,0,0,0.052739235,7.22,0.072178577,11.50056173,0.254895401,0.008772591,11.5,14.08333333,0.254895401,0.008772591,4.5
 07/01  07:05:00,,,,,,,,,,,,,,,,,,,,,,,,,,1145682.388,,,,,,,,,,,,,,,,,,,,,,,,,,,,,,,,,,,,,,,,,,,,,,,,
 07/01  07:10:00,,,,,,,,,,,,,,,,,,,,,,,,,,1159216.851,,,,,,,,,,,,,,,,,,,,,,,,,,,,,,,,,,,,,,,,,,,,,,,,
 07/01  07:15:00,,,,,,,,,,,,,,,,,,,,,,,,,,1170690.573,,,,,,,,,,,,,,,,,,,,,,,,,,,,,,,,,,,,,,,,,,,,,,,,
 07/01  07:20:00,,,,,,,,,,,,,,,,,,,,,,,,,,1181877.951,,,,,,,,,,,,,,,,,,,,,,,,,,,,,,,,,,,,,,,,,,,,,,,,
 07/01  07:25:00,,,,,,,,,,,,,,,,,,,,,,,,,,1195009.208,,,,,,,,,,,,,,,,,,,,,,,,,,,,,,,,,,,,,,,,,,,,,,,,
 07/01  07:30:00,,,,,,,,,,,,,,,,,,,,,,,,,,1209069.923,,,,,,,,,,,,,,,,,,,,,,,,,,,,,,,,,,,,,,,,,,,,,,,,
 07/01  07:35:00,,,,,,,,,,,,,,,,,,,,,,,,,,1222265.946,,,,,,,,,,,,,,,,,,,,,,,,,,,,,,,,,,,,,,,,,,,,,,,,
 07/01  07:40:00,,,,,,,,,,,,,,,,,,,,,,,,,,1235345.306,,,,,,,,,,,,,,,,,,,,,,,,,,,,,,,,,,,,,,,,,,,,,,,,
 07/01  07:45:00,,,,,,,,,,,,,,,,,,,,,,,,,,1250309.458,,,,,,,,,,,,,,,,,,,,,,,,,,,,,,,,,,,,,,,,,,,,,,,,
 07/01  07:50:00,,,,,,,,,,,,,,,,,,,,,,,,,,1264963.135,,,,,,,,,,,,,,,,,,,,,,,,,,,,,,,,,,,,,,,,,,,,,,,,
 07/01  07:55:00,,,,,,,,,,,,,,,,,,,,,,,,,,1281160.148,,,,,,,,,,,,,,,,,,,,,,,,,,,,,,,,,,,,,,,,,,,,,,,,
 07/01  08:00:00,16.08333333,10.67737184,10.33914514,9.836006939,10.39042591,9.791517572,11.39117302,645.4449204,0,21.17827313,457.9910078,0,22.20060093,0,716.7024642,23.35390456,0,821.5405546,23.61888639,148.7825151,0,22.20050094,689.8717219,0,22.20088205,1311934.388,0,3275.600872,2379.525956,0,1198.484029,0,0,849.9918387,1427.874134,0,0,1192.734076,1192.734076,1073.518995,1073.518995,3275.600872,4094.50109,864.7752915,2379.525956,8.266697032,7.22,0.541696629,3244.301248,51.22767181,0.025601929,8.266697032,0.541696629,14.58747187,0.009092726,9.560746704,12.99776606,0.375351751,0.009092726,13,81.9998581,0,0,0.06119763,7.22,0.128662908,11.50053092,0.254895401,0.008724783,11.5,16.08333333,0.254895401,0.008724783,4.5
 07/01  08:02:30,,,,,,,,,,,,,,,,,,,,,,,,,,604365.667,,,,,,,,,,,,,,,,,,,,,,,,,,,,,,,,,,,,,,,,,,,,,,,,
 07/01  08:05:00,,,,,,,,,,,,,,,,,,,,,,,,,,688902.9345,,,,,,,,,,,,,,,,,,,,,,,,,,,,,,,,,,,,,,,,,,,,,,,,
 07/01  08:07:30,,,,,,,,,,,,,,,,,,,,,,,,,,765940.7091,,,,,,,,,,,,,,,,,,,,,,,,,,,,,,,,,,,,,,,,,,,,,,,,
 07/01  08:10:00,,,,,,,,,,,,,,,,,,,,,,,,,,796183.1893,,,,,,,,,,,,,,,,,,,,,,,,,,,,,,,,,,,,,,,,,,,,,,,,
 07/01  08:15:00,,,,,,,,,,,,,,,,,,,,,,,,,,1698423.277,,,,,,,,,,,,,,,,,,,,,,,,,,,,,,,,,,,,,,,,,,,,,,,,
 07/01  08:20:00,,,,,,,,,,,,,,,,,,,,,,,,,,1768297.764,,,,,,,,,,,,,,,,,,,,,,,,,,,,,,,,,,,,,,,,,,,,,,,,
 07/01  08:25:00,,,,,,,,,,,,,,,,,,,,,,,,,,1831122.231,,,,,,,,,,,,,,,,,,,,,,,,,,,,,,,,,,,,,,,,,,,,,,,,
 07/01  08:30:00,,,,,,,,,,,,,,,,,,,,,,,,,,1878942.132,,,,,,,,,,,,,,,,,,,,,,,,,,,,,,,,,,,,,,,,,,,,,,,,
 07/01  08:35:00,,,,,,,,,,,,,,,,,,,,,,,,,,1924855.37,,,,,,,,,,,,,,,,,,,,,,,,,,,,,,,,,,,,,,,,,,,,,,,,
 07/01  08:40:00,,,,,,,,,,,,,,,,,,,,,,,,,,1970965.156,,,,,,,,,,,,,,,,,,,,,,,,,,,,,,,,,,,,,,,,,,,,,,,,
 07/01  08:45:00,,,,,,,,,,,,,,,,,,,,,,,,,,2015976.083,,,,,,,,,,,,,,,,,,,,,,,,,,,,,,,,,,,,,,,,,,,,,,,,
 07/01  08:50:00,,,,,,,,,,,,,,,,,,,,,,,,,,2059044.679,,,,,,,,,,,,,,,,,,,,,,,,,,,,,,,,,,,,,,,,,,,,,,,,
 07/01  08:55:00,,,,,,,,,,,,,,,,,,,,,,,,,,2099865.416,,,,,,,,,,,,,,,,,,,,,,,,,,,,,,,,,,,,,,,,,,,,,,,,
 07/01  09:00:00,18.08333333,10.89313377,11.45825285,10.81434956,11.2094863,10.95335534,12.34924576,1560.419613,0,23.01635549,0,791.96428,22.81043825,0,1633.213067,23.89957042,0,1991.51298,23.89942331,0,600.6906449,22.20580569,0,831.9076593,23.31290243,2138493.981,0,72.16260436,4833.523804,0,0,0,0,102.1738755,0,0,0,1714.512721,1714.512721,3179.814826,3179.814826,72.16260436,90.20325545,1326.596264,4833.523804,9.096574659,7.22,0.61423857,6160.120068,48.5147142,0.000518811,9.096574659,0.61423857,17.66958685,0.009499274,10.21603726,12.99475558,0.556834242,0.009499274,13,81.99997397,0,0,0.142814503,7.22,0.162845379,11.50004164,0.254895401,0.009068395,11.5,18.08333333,0.254895401,0.009068395,4.5
 07/01  09:05:00,,,,,,,,,,,,,,,,,,,,,,,,,,2365004.127,,,,,,,,,,,,,,,,,,,,,,,,,,,,,,,,,,,,,,,,,,,,,,,,
 07/01  09:10:00,,,,,,,,,,,,,,,,,,,,,,,,,,2623313.715,,,,,,,,,,,,,,,,,,,,,,,,,,,,,,,,,,,,,,,,,,,,,,,,
 07/01  09:15:00,,,,,,,,,,,,,,,,,,,,,,,,,,2816184.482,,,,,,,,,,,,,,,,,,,,,,,,,,,,,,,,,,,,,,,,,,,,,,,,
 07/01  09:20:00,,,,,,,,,,,,,,,,,,,,,,,,,,2924210.196,,,,,,,,,,,,,,,,,,,,,,,,,,,,,,,,,,,,,,,,,,,,,,,,
 07/01  09:25:00,,,,,,,,,,,,,,,,,,,,,,,,,,3002047.208,,,,,,,,,,,,,,,,,,,,,,,,,,,,,,,,,,,,,,,,,,,,,,,,
 07/01  09:30:00,,,,,,,,,,,,,,,,,,,,,,,,,,3075830.105,,,,,,,,,,,,,,,,,,,,,,,,,,,,,,,,,,,,,,,,,,,,,,,,
 07/01  09:35:00,,,,,,,,,,,,,,,,,,,,,,,,,,3138804.848,,,,,,,,,,,,,,,,,,,,,,,,,,,,,,,,,,,,,,,,,,,,,,,,
 07/01  09:40:00,,,,,,,,,,,,,,,,,,,,,,,,,,3322269.347,,,,,,,,,,,,,,,,,,,,,,,,,,,,,,,,,,,,,,,,,,,,,,,,
 07/01  09:45:00,,,,,,,,,,,,,,,,,,,,,,,,,,3383790.604,,,,,,,,,,,,,,,,,,,,,,,,,,,,,,,,,,,,,,,,,,,,,,,,
 07/01  09:50:00,,,,,,,,,,,,,,,,,,,,,,,,,,3497993.807,,,,,,,,,,,,,,,,,,,,,,,,,,,,,,,,,,,,,,,,,,,,,,,,
 07/01  09:55:00,,,,,,,,,,,,,,,,,,,,,,,,,,3604635.932,,,,,,,,,,,,,,,,,,,,,,,,,,,,,,,,,,,,,,,,,,,,,,,,
 07/01  10:00:00,19.54166667,12.86600615,13.51602977,12.40210223,12.83427033,12.85205605,14.10114813,844.0166542,0,24.52309688,0,1271.757894,23.86995283,0,2105.443377,23.89948477,0,2344.164318,23.89938639,0,769.1193615,23.04249364,0,1993.807118,23.89896033,3699723.578,0,0,8372.202754,0,0,0,0,0,0,0,0,2096.670256,2096.670256,6381.761158,6180.597393,0,0,2031.632787,8372.202754,10.49691218,7.22,0.608514029,10403.83554,48.29479337,0,10.49691218,0.608514029,20.10883128,0.010721596,12.02715629,12.99047774,0.763927448,0.010620718,13,81.99997434,0,0,0.223762028,7.22,0.168103522,11.5000006,0.254895401,0.009694949,11.5,19.54166667,0.254895401,0.009694949,4.5
 07/01  10:05:00,,,,,,,,,,,,,,,,,,,,,,,,,,3795527.529,,,,,,,,,,,,,,,,,,,,,,,,,,,,,,,,,,,,,,,,,,,,,,,,
 07/01  10:10:00,,,,,,,,,,,,,,,,,,,,,,,,,,3879419.099,,,,,,,,,,,,,,,,,,,,,,,,,,,,,,,,,,,,,,,,,,,,,,,,
 07/01  10:15:00,,,,,,,,,,,,,,,,,,,,,,,,,,3954189.268,,,,,,,,,,,,,,,,,,,,,,,,,,,,,,,,,,,,,,,,,,,,,,,,
 07/01  10:20:00,,,,,,,,,,,,,,,,,,,,,,,,,,4020698.773,,,,,,,,,,,,,,,,,,,,,,,,,,,,,,,,,,,,,,,,,,,,,,,,
 07/01  10:25:00,,,,,,,,,,,,,,,,,,,,,,,,,,4082384.367,,,,,,,,,,,,,,,,,,,,,,,,,,,,,,,,,,,,,,,,,,,,,,,,
 07/01  10:30:00,,,,,,,,,,,,,,,,,,,,,,,,,,4141049.955,,,,,,,,,,,,,,,,,,,,,,,,,,,,,,,,,,,,,,,,,,,,,,,,
 07/01  10:35:00,,,,,,,,,,,,,,,,,,,,,,,,,,4196575.925,,,,,,,,,,,,,,,,,,,,,,,,,,,,,,,,,,,,,,,,,,,,,,,,
 07/01  10:40:00,,,,,,,,,,,,,,,,,,,,,,,,,,4249605.594,,,,,,,,,,,,,,,,,,,,,,,,,,,,,,,,,,,,,,,,,,,,,,,,
 07/01  10:45:00,,,,,,,,,,,,,,,,,,,,,,,,,,4297078.403,,,,,,,,,,,,,,,,,,,,,,,,,,,,,,,,,,,,,,,,,,,,,,,,
 07/01  10:50:00,,,,,,,,,,,,,,,,,,,,,,,,,,4338130.515,,,,,,,,,,,,,,,,,,,,,,,,,,,,,,,,,,,,,,,,,,,,,,,,
 07/01  10:55:00,,,,,,,,,,,,,,,,,,,,,,,,,,4377501.84,,,,,,,,,,,,,,,,,,,,,,,,,,,,,,,,,,,,,,,,,,,,,,,,
 07/01  11:00:00,21.08333333,13.68173426,13.96684087,12.826854,13.4793055,13.66086555,14.4654723,94.6915632,108.0915447,25.6893196,0,1701.250877,23.89896965,0,2027.524802,23.89914034,0,2198.982458,23.8990483,0,818.2250362,23.68041253,0,2316.172212,23.89891712,4415843.201,0,0,11185.81715,0,0,0,0,0,0,0,0,2500.109885,2500.109885,8572.551285,7433.390844,0,0,2633.072983,11185.81715,10.96898396,7.22,0.711772718,13818.89013,48.29479337,0,10.96898396,0.711772718,21.18305848,0.011347218,12.89021483,12.99960646,0.810943606,0.010790967,13,81.99997434,0,0,0.284612974,7.22,0.182545659,11.50018193,0.254895401,0.010037475,11.5,21.08333333,0.254895401,0.010037475,4.5
 07/01  11:05:00,,,,,,,,,,,,,,,,,,,,,,,,,,4292201.735,,,,,,,,,,,,,,,,,,,,,,,,,,,,,,,,,,,,,,,,,,,,,,,,
 07/01  11:10:00,,,,,,,,,,,,,,,,,,,,,,,,,,4188809.698,,,,,,,,,,,,,,,,,,,,,,,,,,,,,,,,,,,,,,,,,,,,,,,,
 07/01  11:15:00,,,,,,,,,,,,,,,,,,,,,,,,,,4159873.303,,,,,,,,,,,,,,,,,,,,,,,,,,,,,,,,,,,,,,,,,,,,,,,,
 07/01  11:20:00,,,,,,,,,,,,,,,,,,,,,,,,,,4147422.634,,,,,,,,,,,,,,,,,,,,,,,,,,,,,,,,,,,,,,,,,,,,,,,,
 07/01  11:25:00,,,,,,,,,,,,,,,,,,,,,,,,,,4135685.003,,,,,,,,,,,,,,,,,,,,,,,,,,,,,,,,,,,,,,,,,,,,,,,,
 07/01  11:30:00,,,,,,,,,,,,,,,,,,,,,,,,,,4122709.668,,,,,,,,,,,,,,,,,,,,,,,,,,,,,,,,,,,,,,,,,,,,,,,,
 07/01  11:35:00,,,,,,,,,,,,,,,,,,,,,,,,,,4113646.246,,,,,,,,,,,,,,,,,,,,,,,,,,,,,,,,,,,,,,,,,,,,,,,,
 07/01  11:40:00,,,,,,,,,,,,,,,,,,,,,,,,,,4103562.522,,,,,,,,,,,,,,,,,,,,,,,,,,,,,,,,,,,,,,,,,,,,,,,,
 07/01  11:45:00,,,,,,,,,,,,,,,,,,,,,,,,,,4099686.295,,,,,,,,,,,,,,,,,,,,,,,,,,,,,,,,,,,,,,,,,,,,,,,,
 07/01  11:50:00,,,,,,,,,,,,,,,,,,,,,,,,,,4095610.314,,,,,,,,,,,,,,,,,,,,,,,,,,,,,,,,,,,,,,,,,,,,,,,,
 07/01  11:55:00,,,,,,,,,,,,,,,,,,,,,,,,,,4092099.343,,,,,,,,,,,,,,,,,,,,,,,,,,,,,,,,,,,,,,,,,,,,,,,,
 07/01  12:00:00,22,13.62444685,13.64609828,12.82537387,13.3971357,13.55418223,14.26186343,0,628.5461048,26.5272688,0,1780.766612,23.89909896,0,1620.785795,23.89930202,0,2031.145095,23.89915105,0,838.7307244,23.87175401,0,2239.26171,23.89903338,4089594.449,0,0,11150.55191,0,0,0,0,0,0,0,0,2739.404316,2739.404316,8186.568082,7190.365278,0,0,2638.587313,11150.55191,10.75074628,7.22,0.753776903,13789.13923,48.29479337,0,10.75074628,0.753776903,21.45784811,0.011304369,12.83351446,13.00133296,0.760510574,0.010785655,13,81.99997434,0,0,0.269828932,7.22,0.196091919,11.50020047,0.254895401,0.010069977,11.5,22,0.254895401,0.010069977,4.5
 07/01  12:05:00,,,,,,,,,,,,,,,,,,,,,,,,,,3791729.903,,,,,,,,,,,,,,,,,,,,,,,,,,,,,,,,,,,,,,,,,,,,,,,,
 07/01  12:10:00,,,,,,,,,,,,,,,,,,,,,,,,,,3565636.724,,,,,,,,,,,,,,,,,,,,,,,,,,,,,,,,,,,,,,,,,,,,,,,,
 07/01  12:15:00,,,,,,,,,,,,,,,,,,,,,,,,,,3493353.473,,,,,,,,,,,,,,,,,,,,,,,,,,,,,,,,,,,,,,,,,,,,,,,,
 07/01  12:20:00,,,,,,,,,,,,,,,,,,,,,,,,,,3466526.277,,,,,,,,,,,,,,,,,,,,,,,,,,,,,,,,,,,,,,,,,,,,,,,,
 07/01  12:25:00,,,,,,,,,,,,,,,,,,,,,,,,,,3447037.331,,,,,,,,,,,,,,,,,,,,,,,,,,,,,,,,,,,,,,,,,,,,,,,,
 07/01  12:30:00,,,,,,,,,,,,,,,,,,,,,,,,,,3427549.888,,,,,,,,,,,,,,,,,,,,,,,,,,,,,,,,,,,,,,,,,,,,,,,,
 07/01  12:35:00,,,,,,,,,,,,,,,,,,,,,,,,,,3412607.03,,,,,,,,,,,,,,,,,,,,,,,,,,,,,,,,,,,,,,,,,,,,,,,,
 07/01  12:40:00,,,,,,,,,,,,,,,,,,,,,,,,,,3401998.086,,,,,,,,,,,,,,,,,,,,,,,,,,,,,,,,,,,,,,,,,,,,,,,,
 07/01  12:45:00,,,,,,,,,,,,,,,,,,,,,,,,,,3396834.826,,,,,,,,,,,,,,,,,,,,,,,,,,,,,,,,,,,,,,,,,,,,,,,,
 07/01  12:50:00,,,,,,,,,,,,,,,,,,,,,,,,,,3395887.653,,,,,,,,,,,,,,,,,,,,,,,,,,,,,,,,,,,,,,,,,,,,,,,,
 07/01  12:55:00,,,,,,,,,,,,,,,,,,,,,,,,,,3398646.068,,,,,,,,,,,,,,,,,,,,,,,,,,,,,,,,,,,,,,,,,,,,,,,,
 07/01  13:00:00,22.54166667,13.28522981,13.12909066,12.66998134,13.01771764,13.00505965,13.77115411,0,997.0149881,27.2450207,0,1613.231871,23.89943323,0,1116.359933,23.89953655,0,1726.518145,23.89945892,0,817.8517411,23.68891132,0,1820.053575,23.89937707,3401335.73,0,0,9301.141718,0,0,0,0,0,0,0,0,2880.749842,2880.749842,6134.676286,5687.683842,0,0,2254.175779,9301.141718,10.07657627,7.22,0.77711078,11555.3175,48.29479337,0,10.07657627,0.77711078,20.90960703,0.011035059,12.47212751,13.00517746,0.635764516,0.010757257,13,81.99997434,0,0,0.205040998,7.22,0.204574386,11.50005457,0.254895401,0.010067454,11.5,22.54166667,0.254895401,0.010067454,4.5
 07/01  13:05:00,,,,,,,,,,,,,,,,,,,,,,,,,,3686656.087,,,,,,,,,,,,,,,,,,,,,,,,,,,,,,,,,,,,,,,,,,,,,,,,
 07/01  13:10:00,,,,,,,,,,,,,,,,,,,,,,,,,,3901855.096,,,,,,,,,,,,,,,,,,,,,,,,,,,,,,,,,,,,,,,,,,,,,,,,
 07/01  13:15:00,,,,,,,,,,,,,,,,,,,,,,,,,,3989827.922,,,,,,,,,,,,,,,,,,,,,,,,,,,,,,,,,,,,,,,,,,,,,,,,
 07/01  13:20:00,,,,,,,,,,,,,,,,,,,,,,,,,,4031371.865,,,,,,,,,,,,,,,,,,,,,,,,,,,,,,,,,,,,,,,,,,,,,,,,
 07/01  13:25:00,,,,,,,,,,,,,,,,,,,,,,,,,,4077155.897,,,,,,,,,,,,,,,,,,,,,,,,,,,,,,,,,,,,,,,,,,,,,,,,
 07/01  13:30:00,,,,,,,,,,,,,,,,,,,,,,,,,,4126742.119,,,,,,,,,,,,,,,,,,,,,,,,,,,,,,,,,,,,,,,,,,,,,,,,
 07/01  13:35:00,,,,,,,,,,,,,,,,,,,,,,,,,,4173807.357,,,,,,,,,,,,,,,,,,,,,,,,,,,,,,,,,,,,,,,,,,,,,,,,
 07/01  13:40:00,,,,,,,,,,,,,,,,,,,,,,,,,,4215439.003,,,,,,,,,,,,,,,,,,,,,,,,,,,,,,,,,,,,,,,,,,,,,,,,
 07/01  13:45:00,,,,,,,,,,,,,,,,,,,,,,,,,,4252079.004,,,,,,,,,,,,,,,,,,,,,,,,,,,,,,,,,,,,,,,,,,,,,,,,
 07/01  13:50:00,,,,,,,,,,,,,,,,,,,,,,,,,,4285132.424,,,,,,,,,,,,,,,,,,,,,,,,,,,,,,,,,,,,,,,,,,,,,,,,
 07/01  13:55:00,,,,,,,,,,,,,,,,,,,,,,,,,,4315869.836,,,,,,,,,,,,,,,,,,,,,,,,,,,,,,,,,,,,,,,,,,,,,,,,
 07/01  14:00:00,23,13.25883093,13.21935613,13.00991242,13.18680919,13.12073659,13.78444799,0,1503.540218,27.65396042,0,1946.623846,23.89932509,0,1067.13896,23.89935875,0,1972.407786,23.8993395,0,988.7694394,23.89158868,0,2304.887284,23.89925477,4345078.509,0,0,11082.0792,0,0,0,0,0,0,0,0,3000.280006,3000.280006,8042.297875,7475.807737,0,0,2640.424998,11082.0792,10.61390873,7.22,0.779085598,13722.5042,48.29479337,0,10.61390873,0.779085598,22.08203261,0.011073033,12.52358887,12.994628,0.73962085,0.010770541,13,81.99997434,0,0,0.263144843,7.22,0.21193416,11.50005867,0.254895401,0.01005861,11.5,23,0.254895401,0.01005861,4.5
 07/01  14:05:00,,,,,,,,,,,,,,,,,,,,,,,,,,4455206.573,,,,,,,,,,,,,,,,,,,,,,,,,,,,,,,,,,,,,,,,,,,,,,,,
 07/01  14:10:00,,,,,,,,,,,,,,,,,,,,,,,,,,4557145.921,,,,,,,,,,,,,,,,,,,,,,,,,,,,,,,,,,,,,,,,,,,,,,,,
 07/01  14:15:00,,,,,,,,,,,,,,,,,,,,,,,,,,4626298.733,,,,,,,,,,,,,,,,,,,,,,,,,,,,,,,,,,,,,,,,,,,,,,,,
 07/01  14:20:00,,,,,,,,,,,,,,,,,,,,,,,,,,4687389.552,,,,,,,,,,,,,,,,,,,,,,,,,,,,,,,,,,,,,,,,,,,,,,,,
 07/01  14:25:00,,,,,,,,,,,,,,,,,,,,,,,,,,4748636.444,,,,,,,,,,,,,,,,,,,,,,,,,,,,,,,,,,,,,,,,,,,,,,,,
 07/01  14:30:00,,,,,,,,,,,,,,,,,,,,,,,,,,4809785.412,,,,,,,,,,,,,,,,,,,,,,,,,,,,,,,,,,,,,,,,,,,,,,,,
 07/01  14:35:00,,,,,,,,,,,,,,,,,,,,,,,,,,4868790.644,,,,,,,,,,,,,,,,,,,,,,,,,,,,,,,,,,,,,,,,,,,,,,,,
 07/01  14:40:00,,,,,,,,,,,,,,,,,,,,,,,,,,4924147.805,,,,,,,,,,,,,,,,,,,,,,,,,,,,,,,,,,,,,,,,,,,,,,,,
 07/01  14:45:00,,,,,,,,,,,,,,,,,,,,,,,,,,4975729.305,,,,,,,,,,,,,,,,,,,,,,,,,,,,,,,,,,,,,,,,,,,,,,,,
 07/01  14:50:00,,,,,,,,,,,,,,,,,,,,,,,,,,5029981.815,,,,,,,,,,,,,,,,,,,,,,,,,,,,,,,,,,,,,,,,,,,,,,,,
 07/01  14:55:00,,,,,,,,,,,,,,,,,,,,,,,,,,5084655.233,,,,,,,,,,,,,,,,,,,,,,,,,,,,,,,,,,,,,,,,,,,,,,,,
 07/01  15:00:00,23.54166667,13.5743359,13.48795669,13.38073981,13.51046944,13.16489583,14.13568546,0,1828.97277,27.89397466,0,2128.294973,23.899064,0,1029.751098,23.89908921,0,2060.48051,23.89907939,0,1382.682925,23.89899741,0,2480.381135,23.89901817,5136154.815,0,0,13010.14062,0,0,0,0,0,0,0,0,3141.439051,3141.439051,9781.735331,8735.696517,0,0,3074.282227,13010.14062,11.04682618,7.22,0.8111291,16084.42285,48.29479337,0,11.04682618,0.8111291,22.74285423,0.011286788,12.81012177,12.99858164,0.811231149,0.010776997,13,81.99997434,0,0,0.316038247,7.22,0.221177496,11.50006509,0.254895401,0.01003141,11.5,23.54166667,0.254895401,0.01003141,4.5
 07/01  15:05:00,,,,,,,,,,,,,,,,,,,,,,,,,,5057357.767,,,,,,,,,,,,,,,,,,,,,,,,,,,,,,,,,,,,,,,,,,,,,,,,
 07/01  15:10:00,,,,,,,,,,,,,,,,,,,,,,,,,,5008769.169,,,,,,,,,,,,,,,,,,,,,,,,,,,,,,,,,,,,,,,,,,,,,,,,
 07/01  15:15:00,,,,,,,,,,,,,,,,,,,,,,,,,,5028203.953,,,,,,,,,,,,,,,,,,,,,,,,,,,,,,,,,,,,,,,,,,,,,,,,
 07/01  15:20:00,,,,,,,,,,,,,,,,,,,,,,,,,,5061306.191,,,,,,,,,,,,,,,,,,,,,,,,,,,,,,,,,,,,,,,,,,,,,,,,
 07/01  15:25:00,,,,,,,,,,,,,,,,,,,,,,,,,,5095154.11,,,,,,,,,,,,,,,,,,,,,,,,,,,,,,,,,,,,,,,,,,,,,,,,
 07/01  15:30:00,,,,,,,,,,,,,,,,,,,,,,,,,,5128690.463,,,,,,,,,,,,,,,,,,,,,,,,,,,,,,,,,,,,,,,,,,,,,,,,
 07/01  15:35:00,,,,,,,,,,,,,,,,,,,,,,,,,,5158358.006,,,,,,,,,,,,,,,,,,,,,,,,,,,,,,,,,,,,,,,,,,,,,,,,
 07/01  15:40:00,,,,,,,,,,,,,,,,,,,,,,,,,,5183668.52,,,,,,,,,,,,,,,,,,,,,,,,,,,,,,,,,,,,,,,,,,,,,,,,
 07/01  15:45:00,,,,,,,,,,,,,,,,,,,,,,,,,,5206036.548,,,,,,,,,,,,,,,,,,,,,,,,,,,,,,,,,,,,,,,,,,,,,,,,
 07/01  15:50:00,,,,,,,,,,,,,,,,,,,,,,,,,,5225636.002,,,,,,,,,,,,,,,,,,,,,,,,,,,,,,,,,,,,,,,,,,,,,,,,
 07/01  15:55:00,,,,,,,,,,,,,,,,,,,,,,,,,,5242395.386,,,,,,,,,,,,,,,,,,,,,,,,,,,,,,,,,,,,,,,,,,,,,,,,
 07/01  16:00:00,24,13.62454229,13.52805438,13.52239536,13.61187117,12.9053874,14.30981581,0,2032.023311,27.99538932,0,2151.388858,23.89901166,0,960.829944,23.89903425,0,1996.617272,23.89902644,0,1895.319851,23.89905503,0,2392.575949,23.89895451,5258313.424,0,0,13852.94175,0,0,0,0,0,0,0,0,3260.631393,3260.631393,10434.99146,9251.581588,0,0,3273.138679,13852.94175,11.22010082,7.22,0.826620248,17126.08043,48.29479337,0,11.22010082,0.826620248,22.99508632,0.011342288,12.87383145,12.99988731,0.839459886,0.010783792,13,81.99997434,0,0,0.336102811,7.22,0.229275031,11.50098506,0.254895401,0.010007591,11.5,24,0.254895401,0.010007591,4.5
 07/01  16:05:00,,,,,,,,,,,,,,,,,,,,,,,,,,5034856.3,,,,,,,,,,,,,,,,,,,,,,,,,,,,,,,,,,,,,,,,,,,,,,,,
 07/01  16:10:00,,,,,,,,,,,,,,,,,,,,,,,,,,4872595.266,,,,,,,,,,,,,,,,,,,,,,,,,,,,,,,,,,,,,,,,,,,,,,,,
 07/01  16:15:00,,,,,,,,,,,,,,,,,,,,,,,,,,4853281.438,,,,,,,,,,,,,,,,,,,,,,,,,,,,,,,,,,,,,,,,,,,,,,,,
 07/01  16:20:00,,,,,,,,,,,,,,,,,,,,,,,,,,4858386.297,,,,,,,,,,,,,,,,,,,,,,,,,,,,,,,,,,,,,,,,,,,,,,,,
 07/01  16:25:00,,,,,,,,,,,,,,,,,,,,,,,,,,4866846.012,,,,,,,,,,,,,,,,,,,,,,,,,,,,,,,,,,,,,,,,,,,,,,,,
 07/01  16:30:00,,,,,,,,,,,,,,,,,,,,,,,,,,4875559.953,,,,,,,,,,,,,,,,,,,,,,,,,,,,,,,,,,,,,,,,,,,,,,,,
 07/01  16:35:00,,,,,,,,,,,,,,,,,,,,,,,,,,4880250.239,,,,,,,,,,,,,,,,,,,,,,,,,,,,,,,,,,,,,,,,,,,,,,,,
 07/01  16:40:00,,,,,,,,,,,,,,,,,,,,,,,,,,4882324.945,,,,,,,,,,,,,,,,,,,,,,,,,,,,,,,,,,,,,,,,,,,,,,,,
 07/01  16:45:00,,,,,,,,,,,,,,,,,,,,,,,,,,4881505.873,,,,,,,,,,,,,,,,,,,,,,,,,,,,,,,,,,,,,,,,,,,,,,,,
 07/01  16:50:00,,,,,,,,,,,,,,,,,,,,,,,,,,4881925.067,,,,,,,,,,,,,,,,,,,,,,,,,,,,,,,,,,,,,,,,,,,,,,,,
 07/01  16:55:00,,,,,,,,,,,,,,,,,,,,,,,,,,4876583.613,,,,,,,,,,,,,,,,,,,,,,,,,,,,,,,,,,,,,,,,,,,,,,,,
 07/01  17:00:00,24,13.63273664,13.61336477,13.69767863,13.76233458,12.7543544,14.49970467,0,1917.300943,28.0721101,0,1960.635933,23.89905042,0,827.0563882,23.89906684,0,1745.118191,23.89906692,0,2278.032553,23.89909532,0,2113.37676,23.89899506,4872396.461,0,0,13169.04673,0,0,0,0,0,0,0,0,3260.462835,3260.462835,9674.543761,8614.62369,0,0,3118.873124,13169.04673,11.00921669,7.22,0.829507707,16287.91985,48.29479337,0,11.00921669,0.829507707,22.78234273,0.011318359,12.83372084,13.00066761,0.797201426,0.010791535,13,81.99997434,0,0,0.311927544,7.22,0.229275031,11.5017588,0.254895401,0.010013211,11.5,24,0.254895401,0.010013211,4.5
 07/01  17:05:00,,,,,,,,,,,,,,,,,,,,,,,,,,4853416.741,,,,,,,,,,,,,,,,,,,,,,,,,,,,,,,,,,,,,,,,,,,,,,,,
 07/01  17:10:00,,,,,,,,,,,,,,,,,,,,,,,,,,4834215.797,,,,,,,,,,,,,,,,,,,,,,,,,,,,,,,,,,,,,,,,,,,,,,,,
 07/01  17:15:00,,,,,,,,,,,,,,,,,,,,,,,,,,4809292.129,,,,,,,,,,,,,,,,,,,,,,,,,,,,,,,,,,,,,,,,,,,,,,,,
 07/01  17:20:00,,,,,,,,,,,,,,,,,,,,,,,,,,4785452.527,,,,,,,,,,,,,,,,,,,,,,,,,,,,,,,,,,,,,,,,,,,,,,,,
 07/01  17:25:00,,,,,,,,,,,,,,,,,,,,,,,,,,4756295.277,,,,,,,,,,,,,,,,,,,,,,,,,,,,,,,,,,,,,,,,,,,,,,,,
 07/01  17:30:00,,,,,,,,,,,,,,,,,,,,,,,,,,4728065.795,,,,,,,,,,,,,,,,,,,,,,,,,,,,,,,,,,,,,,,,,,,,,,,,
 07/01  17:35:00,,,,,,,,,,,,,,,,,,,,,,,,,,4689171.547,,,,,,,,,,,,,,,,,,,,,,,,,,,,,,,,,,,,,,,,,,,,,,,,
 07/01  17:40:00,,,,,,,,,,,,,,,,,,,,,,,,,,4643162.33,,,,,,,,,,,,,,,,,,,,,,,,,,,,,,,,,,,,,,,,,,,,,,,,
 07/01  17:45:00,,,,,,,,,,,,,,,,,,,,,,,,,,4589742.095,,,,,,,,,,,,,,,,,,,,,,,,,,,,,,,,,,,,,,,,,,,,,,,,
 07/01  17:50:00,,,,,,,,,,,,,,,,,,,,,,,,,,4536532.069,,,,,,,,,,,,,,,,,,,,,,,,,,,,,,,,,,,,,,,,,,,,,,,,
 07/01  17:55:00,,,,,,,,,,,,,,,,,,,,,,,,,,4478546.069,,,,,,,,,,,,,,,,,,,,,,,,,,,,,,,,,,,,,,,,,,,,,,,,
 07/01  18:00:00,23.45833333,13.71195827,13.7555671,13.87731743,13.93778982,12.70132767,14.63683834,0,1749.677858,27.99628776,0,1770.083737,23.8990593,0,753.2986907,23.86530255,0,1584.910375,23.89905495,0,2436.354174,23.89912436,0,2089.860073,23.89893836,4419372.217,0,0,12607.1868,0,0,0,0,0,0,0,0,3120.184847,3120.184847,9257.362288,8170.56634,0,0,2982.608921,12607.1868,10.86537223,7.22,0.82532029,15589.79572,48.29479337,0,10.86537223,0.82532029,22.56309989,0.011350239,12.87590584,13.00132348,0.771453994,0.010791967,13,81.99997434,0,0,0.298949606,7.22,0.21983715,11.49857441,0.254895401,0.010048517,11.5,23.45833333,0.254895401,0.010048517,4.5
 07/01  18:05:00,,,,,,,,,,,,,,,,,,,,,,,,,,3685478.993,,,,,,,,,,,,,,,,,,,,,,,,,,,,,,,,,,,,,,,,,,,,,,,,
 07/01  18:10:00,,,,,,,,,,,,,,,,,,,,,,,,,,3156043.527,,,,,,,,,,,,,,,,,,,,,,,,,,,,,,,,,,,,,,,,,,,,,,,,
 07/01  18:15:00,,,,,,,,,,,,,,,,,,,,,,,,,,2937947.056,,,,,,,,,,,,,,,,,,,,,,,,,,,,,,,,,,,,,,,,,,,,,,,,
 07/01  18:20:00,,,,,,,,,,,,,,,,,,,,,,,,,,2808189.058,,,,,,,,,,,,,,,,,,,,,,,,,,,,,,,,,,,,,,,,,,,,,,,,
 07/01  18:25:00,,,,,,,,,,,,,,,,,,,,,,,,,,2713998.013,,,,,,,,,,,,,,,,,,,,,,,,,,,,,,,,,,,,,,,,,,,,,,,,
 07/01  18:30:00,,,,,,,,,,,,,,,,,,,,,,,,,,2638402.397,,,,,,,,,,,,,,,,,,,,,,,,,,,,,,,,,,,,,,,,,,,,,,,,
 07/01  18:35:00,,,,,,,,,,,,,,,,,,,,,,,,,,2579147.637,,,,,,,,,,,,,,,,,,,,,,,,,,,,,,,,,,,,,,,,,,,,,,,,
 07/01  18:40:00,,,,,,,,,,,,,,,,,,,,,,,,,,2529164.732,,,,,,,,,,,,,,,,,,,,,,,,,,,,,,,,,,,,,,,,,,,,,,,,
 07/01  18:45:00,,,,,,,,,,,,,,,,,,,,,,,,,,2482160.876,,,,,,,,,,,,,,,,,,,,,,,,,,,,,,,,,,,,,,,,,,,,,,,,
 07/01  18:50:00,,,,,,,,,,,,,,,,,,,,,,,,,,2435358.807,,,,,,,,,,,,,,,,,,,,,,,,,,,,,,,,,,,,,,,,,,,,,,,,
 07/01  18:55:00,,,,,,,,,,,,,,,,,,,,,,,,,,2389178.018,,,,,,,,,,,,,,,,,,,,,,,,,,,,,,,,,,,,,,,,,,,,,,,,
 07/01  19:00:00,21.91666667,13.5454954,13.72635769,13.25890539,13.89157439,12.4440041,14.63442198,0,1045.129614,27.79942244,0,923.075922,23.81300272,0,669.814611,22.82116148,0,853.1876734,23.76532871,0,1650.947269,23.89946998,0,997.7533207,23.89935918,2342310.015,0,0,7254.766881,0,0,0,0,0,0,0,0,3063.283041,2721.380536,3690.061046,3278.593986,0,0,1827.838433,7254.766881,9.236505889,7.22,0.861007185,9082.605313,48.29479337,0,9.236505889,0.861007185,18.83050195,0.011025521,12.43074949,13.02892701,0.464918283,0.010678812,13,81.99997434,0,0,0.129966071,7.22,0.211066761,11.50015663,0.254895401,0.010310186,11.5,21.91666667,0.254895401,0.010841976,4.5
 07/01  19:05:00,,,,,,,,,,,,,,,,,,,,,,,,,,2222298.681,,,,,,,,,,,,,,,,,,,,,,,,,,,,,,,,,,,,,,,,,,,,,,,,
 07/01  19:10:00,,,,,,,,,,,,,,,,,,,,,,,,,,2121829.342,,,,,,,,,,,,,,,,,,,,,,,,,,,,,,,,,,,,,,,,,,,,,,,,
 07/01  19:15:00,,,,,,,,,,,,,,,,,,,,,,,,,,2026615.249,,,,,,,,,,,,,,,,,,,,,,,,,,,,,,,,,,,,,,,,,,,,,,,,
 07/01  19:20:00,,,,,,,,,,,,,,,,,,,,,,,,,,1973030.632,,,,,,,,,,,,,,,,,,,,,,,,,,,,,,,,,,,,,,,,,,,,,,,,
 07/01  19:25:00,,,,,,,,,,,,,,,,,,,,,,,,,,1930743.645,,,,,,,,,,,,,,,,,,,,,,,,,,,,,,,,,,,,,,,,,,,,,,,,
 07/01  19:30:00,,,,,,,,,,,,,,,,,,,,,,,,,,1889604.522,,,,,,,,,,,,,,,,,,,,,,,,,,,,,,,,,,,,,,,,,,,,,,,,
 07/01  19:35:00,,,,,,,,,,,,,,,,,,,,,,,,,,1846479.339,,,,,,,,,,,,,,,,,,,,,,,,,,,,,,,,,,,,,,,,,,,,,,,,
 07/01  19:40:00,,,,,,,,,,,,,,,,,,,,,,,,,,1803494.958,,,,,,,,,,,,,,,,,,,,,,,,,,,,,,,,,,,,,,,,,,,,,,,,
 07/01  19:45:00,,,,,,,,,,,,,,,,,,,,,,,,,,1770513.632,,,,,,,,,,,,,,,,,,,,,,,,,,,,,,,,,,,,,,,,,,,,,,,,
 07/01  19:50:00,,,,,,,,,,,,,,,,,,,,,,,,,,1740890.265,,,,,,,,,,,,,,,,,,,,,,,,,,,,,,,,,,,,,,,,,,,,,,,,
 07/01  19:55:00,,,,,,,,,,,,,,,,,,,,,,,,,,1701914.447,,,,,,,,,,,,,,,,,,,,,,,,,,,,,,,,,,,,,,,,,,,,,,,,
 07/01  20:00:00,19.91666667,13.08059088,12.8708843,12.18700294,12.9670707,11.97944716,13.92443127,0,1187.597592,26.65543964,0,722.4660231,22.56007969,0,323.2941065,22.20114176,0,671.6395656,22.51206939,0,803.4010828,23.23676407,0,803.5370185,22.94852211,1658514.27,0,348.6401331,4872.636677,0,49.90364033,304.7751173,65.9098659,0,0,0,0,2667.85893,2199.938606,1951.470784,1788.543649,348.6401331,435.8001664,1341.85023,4872.636677,8.613994258,7.22,0.83172591,6214.486906,47.64972999,0.002407303,8.613994258,0.83172591,16.44018451,0.010739066,12.01966587,13.00795581,0.376300433,0.01056776,13,81.99997648,0,0,0.076604958,7.22,0.188631291,11.49998063,0.254895401,0.010337215,11.5,19.91666667,0.254895401,0.011065012,4.5
 07/01  20:02:30,,,,,,,,,,,,,,,,,,,,,,,,,,0,,,,,,,,,,,,,,,,,,,,,,,,,,,,,,,,,,,,,,,,,,,,,,,,
 07/01  20:05:00,,,,,,,,,,,,,,,,,,,,,,,,,,0,,,,,,,,,,,,,,,,,,,,,,,,,,,,,,,,,,,,,,,,,,,,,,,,
 07/01  20:07:30,,,,,,,,,,,,,,,,,,,,,,,,,,0,,,,,,,,,,,,,,,,,,,,,,,,,,,,,,,,,,,,,,,,,,,,,,,,
 07/01  20:10:00,,,,,,,,,,,,,,,,,,,,,,,,,,0,,,,,,,,,,,,,,,,,,,,,,,,,,,,,,,,,,,,,,,,,,,,,,,,
 07/01  20:15:00,,,,,,,,,,,,,,,,,,,,,,,,,,0,,,,,,,,,,,,,,,,,,,,,,,,,,,,,,,,,,,,,,,,,,,,,,,,
 07/01  20:20:00,,,,,,,,,,,,,,,,,,,,,,,,,,0,,,,,,,,,,,,,,,,,,,,,,,,,,,,,,,,,,,,,,,,,,,,,,,,
 07/01  20:25:00,,,,,,,,,,,,,,,,,,,,,,,,,,0,,,,,,,,,,,,,,,,,,,,,,,,,,,,,,,,,,,,,,,,,,,,,,,,
 07/01  20:30:00,,,,,,,,,,,,,,,,,,,,,,,,,,0,,,,,,,,,,,,,,,,,,,,,,,,,,,,,,,,,,,,,,,,,,,,,,,,
 07/01  20:35:00,,,,,,,,,,,,,,,,,,,,,,,,,,0,,,,,,,,,,,,,,,,,,,,,,,,,,,,,,,,,,,,,,,,,,,,,,,,
 07/01  20:40:00,,,,,,,,,,,,,,,,,,,,,,,,,,0,,,,,,,,,,,,,,,,,,,,,,,,,,,,,,,,,,,,,,,,,,,,,,,,
 07/01  20:45:00,,,,,,,,,,,,,,,,,,,,,,,,,,0,,,,,,,,,,,,,,,,,,,,,,,,,,,,,,,,,,,,,,,,,,,,,,,,
 07/01  20:50:00,,,,,,,,,,,,,,,,,,,,,,,,,,0,,,,,,,,,,,,,,,,,,,,,,,,,,,,,,,,,,,,,,,,,,,,,,,,
 07/01  20:55:00,,,,,,,,,,,,,,,,,,,,,,,,,,0,,,,,,,,,,,,,,,,,,,,,,,,,,,,,,,,,,,,,,,,,,,,,,,,
 07/01  21:00:00,18.94583333,12.63463727,12.38195806,11.89208554,12.45364018,11.8249657,13.37875942,0,0,26.30809719,58.08,0,22.48691076,25.08,0,22.41112694,58.08,0,22.41765138,25.08,0,23.50555164,108.68,0,22.73673733,0,0,0,0,0,0,0,0,0,0,0,0,0,0,0,0,0,0,0,0,8.513551404,8.513551404,0,0,46.44393786,0,8.513551404,0,26.33342683,0.011188906,12.6345341,26.33342683,0,0.011188906,13,81.99998038,0,0,0,7.22,0,18.94583333,0,0.010533548,11.5,18.94583333,0,0.010533548,4.5
 07/01  21:05:00,,,,,,,,,,,,,,,,,,,,,,,,,,0,,,,,,,,,,,,,,,,,,,,,,,,,,,,,,,,,,,,,,,,,,,,,,,,
 07/01  21:10:00,,,,,,,,,,,,,,,,,,,,,,,,,,0,,,,,,,,,,,,,,,,,,,,,,,,,,,,,,,,,,,,,,,,,,,,,,,,
 07/01  21:15:00,,,,,,,,,,,,,,,,,,,,,,,,,,0,,,,,,,,,,,,,,,,,,,,,,,,,,,,,,,,,,,,,,,,,,,,,,,,
 07/01  21:20:00,,,,,,,,,,,,,,,,,,,,,,,,,,0,,,,,,,,,,,,,,,,,,,,,,,,,,,,,,,,,,,,,,,,,,,,,,,,
 07/01  21:25:00,,,,,,,,,,,,,,,,,,,,,,,,,,0,,,,,,,,,,,,,,,,,,,,,,,,,,,,,,,,,,,,,,,,,,,,,,,,
 07/01  21:30:00,,,,,,,,,,,,,,,,,,,,,,,,,,0,,,,,,,,,,,,,,,,,,,,,,,,,,,,,,,,,,,,,,,,,,,,,,,,
 07/01  21:35:00,,,,,,,,,,,,,,,,,,,,,,,,,,0,,,,,,,,,,,,,,,,,,,,,,,,,,,,,,,,,,,,,,,,,,,,,,,,
 07/01  21:40:00,,,,,,,,,,,,,,,,,,,,,,,,,,0,,,,,,,,,,,,,,,,,,,,,,,,,,,,,,,,,,,,,,,,,,,,,,,,
 07/01  21:45:00,,,,,,,,,,,,,,,,,,,,,,,,,,0,,,,,,,,,,,,,,,,,,,,,,,,,,,,,,,,,,,,,,,,,,,,,,,,
 07/01  21:50:00,,,,,,,,,,,,,,,,,,,,,,,,,,0,,,,,,,,,,,,,,,,,,,,,,,,,,,,,,,,,,,,,,,,,,,,,,,,
 07/01  21:55:00,,,,,,,,,,,,,,,,,,,,,,,,,,0,,,,,,,,,,,,,,,,,,,,,,,,,,,,,,,,,,,,,,,,,,,,,,,,
 07/01  22:00:00,18.03333333,12.64163732,12.38925221,11.90023592,12.46084655,11.83339318,13.3856097,0,0,25.34104793,19.8,0,21.98160653,8.55,0,21.96634795,19.8,0,21.92392842,8.55,0,22.73499675,37.05,0,22.3365964,0,0,0,0,0,0,0,0,0,0,0,0,0,0,0,0,0,0,0,0,8.513551404,8.513551404,0,0,46.44393786,0,8.513551404,0,25.43119878,0.011187906,12.64163741,25.43119878,0,0.011187906,13,81.99998038,0,0,0,7.22,0,18.03333333,0,0.010303158,11.5,18.03333333,0,0.010303158,4.5
 07/01  22:05:00,,,,,,,,,,,,,,,,,,,,,,,,,,0,,,,,,,,,,,,,,,,,,,,,,,,,,,,,,,,,,,,,,,,,,,,,,,,
 07/01  22:10:00,,,,,,,,,,,,,,,,,,,,,,,,,,0,,,,,,,,,,,,,,,,,,,,,,,,,,,,,,,,,,,,,,,,,,,,,,,,
 07/01  22:15:00,,,,,,,,,,,,,,,,,,,,,,,,,,0,,,,,,,,,,,,,,,,,,,,,,,,,,,,,,,,,,,,,,,,,,,,,,,,
 07/01  22:20:00,,,,,,,,,,,,,,,,,,,,,,,,,,0,,,,,,,,,,,,,,,,,,,,,,,,,,,,,,,,,,,,,,,,,,,,,,,,
 07/01  22:25:00,,,,,,,,,,,,,,,,,,,,,,,,,,0,,,,,,,,,,,,,,,,,,,,,,,,,,,,,,,,,,,,,,,,,,,,,,,,
 07/01  22:30:00,,,,,,,,,,,,,,,,,,,,,,,,,,0,,,,,,,,,,,,,,,,,,,,,,,,,,,,,,,,,,,,,,,,,,,,,,,,
 07/01  22:35:00,,,,,,,,,,,,,,,,,,,,,,,,,,0,,,,,,,,,,,,,,,,,,,,,,,,,,,,,,,,,,,,,,,,,,,,,,,,
 07/01  22:40:00,,,,,,,,,,,,,,,,,,,,,,,,,,0,,,,,,,,,,,,,,,,,,,,,,,,,,,,,,,,,,,,,,,,,,,,,,,,
 07/01  22:45:00,,,,,,,,,,,,,,,,,,,,,,,,,,0,,,,,,,,,,,,,,,,,,,,,,,,,,,,,,,,,,,,,,,,,,,,,,,,
 07/01  22:50:00,,,,,,,,,,,,,,,,,,,,,,,,,,0,,,,,,,,,,,,,,,,,,,,,,,,,,,,,,,,,,,,,,,,,,,,,,,,
 07/01  22:55:00,,,,,,,,,,,,,,,,,,,,,,,,,,0,,,,,,,,,,,,,,,,,,,,,,,,,,,,,,,,,,,,,,,,,,,,,,,,
 07/01  23:00:00,17.3,12.64163732,12.38925221,11.90023592,12.46084655,11.83339318,13.3856097,0,0,24.32161017,15.84,0,21.45729075,6.84,0,21.48722841,15.84,0,21.41395477,6.84,0,21.92902046,29.64,0,21.91060625,0,0,0,0,0,0,0,0,0,0,0,0,0,0,0,0,0,0,0,0,8.513551404,8.513551404,0,0,46.44393786,0,8.513551404,0,24.40193072,0.011187906,12.64163732,24.40193072,0,0.011187906,13,81.99998038,0,0,0,7.22,0,17.3,0,0.010172331,11.5,17.3,0,0.010172331,4.5
 07/01  23:05:00,,,,,,,,,,,,,,,,,,,,,,,,,,0,,,,,,,,,,,,,,,,,,,,,,,,,,,,,,,,,,,,,,,,,,,,,,,,
 07/01  23:10:00,,,,,,,,,,,,,,,,,,,,,,,,,,0,,,,,,,,,,,,,,,,,,,,,,,,,,,,,,,,,,,,,,,,,,,,,,,,
 07/01  23:15:00,,,,,,,,,,,,,,,,,,,,,,,,,,0,,,,,,,,,,,,,,,,,,,,,,,,,,,,,,,,,,,,,,,,,,,,,,,,
 07/01  23:20:00,,,,,,,,,,,,,,,,,,,,,,,,,,0,,,,,,,,,,,,,,,,,,,,,,,,,,,,,,,,,,,,,,,,,,,,,,,,
 07/01  23:25:00,,,,,,,,,,,,,,,,,,,,,,,,,,0,,,,,,,,,,,,,,,,,,,,,,,,,,,,,,,,,,,,,,,,,,,,,,,,
 07/01  23:30:00,,,,,,,,,,,,,,,,,,,,,,,,,,0,,,,,,,,,,,,,,,,,,,,,,,,,,,,,,,,,,,,,,,,,,,,,,,,
 07/01  23:35:00,,,,,,,,,,,,,,,,,,,,,,,,,,0,,,,,,,,,,,,,,,,,,,,,,,,,,,,,,,,,,,,,,,,,,,,,,,,
 07/01  23:40:00,,,,,,,,,,,,,,,,,,,,,,,,,,0,,,,,,,,,,,,,,,,,,,,,,,,,,,,,,,,,,,,,,,,,,,,,,,,
 07/01  23:45:00,,,,,,,,,,,,,,,,,,,,,,,,,,0,,,,,,,,,,,,,,,,,,,,,,,,,,,,,,,,,,,,,,,,,,,,,,,,
 07/01  23:50:00,,,,,,,,,,,,,,,,,,,,,,,,,,0,,,,,,,,,,,,,,,,,,,,,,,,,,,,,,,,,,,,,,,,,,,,,,,,
 07/01  23:55:00,,,,,,,,,,,,,,,,,,,,,,,,,,0,,,,,,,,,,,,,,,,,,,,,,,,,,,,,,,,,,,,,,,,,,,,,,,,
 07/01  24:00:00,16.70416667,12.64163732,12.38925221,11.90023592,12.46084655,11.83339318,13.3856097,0,0,23.4269843,15.84,0,21.09092001,6.84,0,21.13291346,15.84,0,21.05424339,6.84,0,21.3793393,29.64,0,21.60930355,0,0,0,0,0,0,0,0,0,0,0,0,0,0,0,0,0,0,0,0,8.513551404,8.513551404,0,0,46.44393786,0,8.513551404,0,23.49654898,0.011187906,12.64163732,23.49654898,0,0.011187906,13,81.99998038,0,0,0,7.22,0,16.70416667,0,0.010039585,11.5,16.70416667,0,0.010039585,4.5
 07/02  00:05:00,,,,,,,,,,,,,,,,,,,,,,,,,,0,,,,,,,,,,,,,,,,,,,,,,,,,,,,,,,,,,,,,,,,,,,,,,,,
 07/02  00:10:00,,,,,,,,,,,,,,,,,,,,,,,,,,0,,,,,,,,,,,,,,,,,,,,,,,,,,,,,,,,,,,,,,,,,,,,,,,,
 07/02  00:15:00,,,,,,,,,,,,,,,,,,,,,,,,,,0,,,,,,,,,,,,,,,,,,,,,,,,,,,,,,,,,,,,,,,,,,,,,,,,
 07/02  00:20:00,,,,,,,,,,,,,,,,,,,,,,,,,,0,,,,,,,,,,,,,,,,,,,,,,,,,,,,,,,,,,,,,,,,,,,,,,,,
 07/02  00:25:00,,,,,,,,,,,,,,,,,,,,,,,,,,0,,,,,,,,,,,,,,,,,,,,,,,,,,,,,,,,,,,,,,,,,,,,,,,,
 07/02  00:30:00,,,,,,,,,,,,,,,,,,,,,,,,,,0,,,,,,,,,,,,,,,,,,,,,,,,,,,,,,,,,,,,,,,,,,,,,,,,
 07/02  00:35:00,,,,,,,,,,,,,,,,,,,,,,,,,,0,,,,,,,,,,,,,,,,,,,,,,,,,,,,,,,,,,,,,,,,,,,,,,,,
 07/02  00:40:00,,,,,,,,,,,,,,,,,,,,,,,,,,0,,,,,,,,,,,,,,,,,,,,,,,,,,,,,,,,,,,,,,,,,,,,,,,,
 07/02  00:45:00,,,,,,,,,,,,,,,,,,,,,,,,,,0,,,,,,,,,,,,,,,,,,,,,,,,,,,,,,,,,,,,,,,,,,,,,,,,
 07/02  00:50:00,,,,,,,,,,,,,,,,,,,,,,,,,,0,,,,,,,,,,,,,,,,,,,,,,,,,,,,,,,,,,,,,,,,,,,,,,,,
 07/02  00:55:00,,,,,,,,,,,,,,,,,,,,,,,,,,0,,,,,,,,,,,,,,,,,,,,,,,,,,,,,,,,,,,,,,,,,,,,,,,,
 07/02  01:00:00,15.0625,12.64163732,12.38925221,11.90023592,12.46084655,11.83339318,13.3856097,0,0,22.65533004,15.84,0,20.74521788,6.84,0,20.79979585,15.84,0,20.72027438,6.84,0,20.93368541,29.64,0,21.3705519,0,0,0,0,0,0,0,0,0,0,0,0,0,0,0,0,0,0,0,0,8.513551404,8.513551404,0,0,46.44393786,0,8.513551404,0,22.71580237,0.011187906,12.64163732,22.71580237,0,0.011187906,13,81.99998038,0,0,0,7.22,0,15.0625,0,0.009767582,11.5,15.0625,0,0.009767582,4.5
 07/02  01:05:00,,,,,,,,,,,,,,,,,,,,,,,,,,0,,,,,,,,,,,,,,,,,,,,,,,,,,,,,,,,,,,,,,,,,,,,,,,,
 07/02  01:10:00,,,,,,,,,,,,,,,,,,,,,,,,,,0,,,,,,,,,,,,,,,,,,,,,,,,,,,,,,,,,,,,,,,,,,,,,,,,
 07/02  01:15:00,,,,,,,,,,,,,,,,,,,,,,,,,,0,,,,,,,,,,,,,,,,,,,,,,,,,,,,,,,,,,,,,,,,,,,,,,,,
 07/02  01:20:00,,,,,,,,,,,,,,,,,,,,,,,,,,0,,,,,,,,,,,,,,,,,,,,,,,,,,,,,,,,,,,,,,,,,,,,,,,,
 07/02  01:25:00,,,,,,,,,,,,,,,,,,,,,,,,,,0,,,,,,,,,,,,,,,,,,,,,,,,,,,,,,,,,,,,,,,,,,,,,,,,
 07/02  01:30:00,,,,,,,,,,,,,,,,,,,,,,,,,,0,,,,,,,,,,,,,,,,,,,,,,,,,,,,,,,,,,,,,,,,,,,,,,,,
 07/02  01:35:00,,,,,,,,,,,,,,,,,,,,,,,,,,0,,,,,,,,,,,,,,,,,,,,,,,,,,,,,,,,,,,,,,,,,,,,,,,,
 07/02  01:40:00,,,,,,,,,,,,,,,,,,,,,,,,,,0,,,,,,,,,,,,,,,,,,,,,,,,,,,,,,,,,,,,,,,,,,,,,,,,
 07/02  01:45:00,,,,,,,,,,,,,,,,,,,,,,,,,,0,,,,,,,,,,,,,,,,,,,,,,,,,,,,,,,,,,,,,,,,,,,,,,,,
 07/02  01:50:00,,,,,,,,,,,,,,,,,,,,,,,,,,0,,,,,,,,,,,,,,,,,,,,,,,,,,,,,,,,,,,,,,,,,,,,,,,,
 07/02  01:55:00,,,,,,,,,,,,,,,,,,,,,,,,,,0,,,,,,,,,,,,,,,,,,,,,,,,,,,,,,,,,,,,,,,,,,,,,,,,
 07/02  02:00:00,14.04583333,12.64163732,12.38925221,11.90023592,12.46084655,11.83339318,13.3856097,0,0,21.96732481,15.84,0,20.48283903,6.84,0,20.53994817,15.84,0,20.4640319,6.84,0,20.61115046,29.64,0,21.16808969,0,0,0,0,0,0,0,0,0,0,0,0,0,0,0,0,0,0,0,0,8.513551404,8.513551404,0,0,46.44393786,0,8.513551404,0,22.02240003,0.011187906,12.64163732,22.02240003,0,0.011187906,13,81.99998038,0,0,0,7.22,0,14.04583333,0,0.009404633,11.5,14.04583333,0,0.009404633,4.5
 07/02  02:05:00,,,,,,,,,,,,,,,,,,,,,,,,,,0,,,,,,,,,,,,,,,,,,,,,,,,,,,,,,,,,,,,,,,,,,,,,,,,
 07/02  02:10:00,,,,,,,,,,,,,,,,,,,,,,,,,,0,,,,,,,,,,,,,,,,,,,,,,,,,,,,,,,,,,,,,,,,,,,,,,,,
 07/02  02:15:00,,,,,,,,,,,,,,,,,,,,,,,,,,0,,,,,,,,,,,,,,,,,,,,,,,,,,,,,,,,,,,,,,,,,,,,,,,,
 07/02  02:20:00,,,,,,,,,,,,,,,,,,,,,,,,,,0,,,,,,,,,,,,,,,,,,,,,,,,,,,,,,,,,,,,,,,,,,,,,,,,
 07/02  02:25:00,,,,,,,,,,,,,,,,,,,,,,,,,,0,,,,,,,,,,,,,,,,,,,,,,,,,,,,,,,,,,,,,,,,,,,,,,,,
 07/02  02:30:00,,,,,,,,,,,,,,,,,,,,,,,,,,0,,,,,,,,,,,,,,,,,,,,,,,,,,,,,,,,,,,,,,,,,,,,,,,,
 07/02  02:35:00,,,,,,,,,,,,,,,,,,,,,,,,,,0,,,,,,,,,,,,,,,,,,,,,,,,,,,,,,,,,,,,,,,,,,,,,,,,
 07/02  02:40:00,,,,,,,,,,,,,,,,,,,,,,,,,,0,,,,,,,,,,,,,,,,,,,,,,,,,,,,,,,,,,,,,,,,,,,,,,,,
 07/02  02:45:00,,,,,,,,,,,,,,,,,,,,,,,,,,0,,,,,,,,,,,,,,,,,,,,,,,,,,,,,,,,,,,,,,,,,,,,,,,,
 07/02  02:50:00,,,,,,,,,,,,,,,,,,,,,,,,,,0,,,,,,,,,,,,,,,,,,,,,,,,,,,,,,,,,,,,,,,,,,,,,,,,
 07/02  02:55:00,,,,,,,,,,,,,,,,,,,,,,,,,,0,,,,,,,,,,,,,,,,,,,,,,,,,,,,,,,,,,,,,,,,,,,,,,,,
 07/02  03:00:00,13.72916667,12.64163732,12.38925221,11.90023592,12.46084655,11.83339318,13.3856097,0,0,21.33928431,15.84,0,20.29976255,6.84,0,20.3521779,15.84,0,20.28045481,6.84,0,20.3915358,29.64,0,20.99674504,0,0,0,0,0,0,0,0,0,0,0,0,0,0,0,0,0,0,0,0,8.513551404,8.513551404,0,0,46.44393786,0,8.513551404,0,21.38893425,0.011187906,12.64163732,21.38893425,0,0.011187906,13,81.99998038,0,0,0,7.22,0,13.72916667,0,0.009033676,11.5,13.72916667,0,0.009033676,4.5
 07/02  03:05:00,,,,,,,,,,,,,,,,,,,,,,,,,,0,,,,,,,,,,,,,,,,,,,,,,,,,,,,,,,,,,,,,,,,,,,,,,,,
 07/02  03:10:00,,,,,,,,,,,,,,,,,,,,,,,,,,0,,,,,,,,,,,,,,,,,,,,,,,,,,,,,,,,,,,,,,,,,,,,,,,,
 07/02  03:15:00,,,,,,,,,,,,,,,,,,,,,,,,,,0,,,,,,,,,,,,,,,,,,,,,,,,,,,,,,,,,,,,,,,,,,,,,,,,
 07/02  03:20:00,,,,,,,,,,,,,,,,,,,,,,,,,,0,,,,,,,,,,,,,,,,,,,,,,,,,,,,,,,,,,,,,,,,,,,,,,,,
 07/02  03:25:00,,,,,,,,,,,,,,,,,,,,,,,,,,0,,,,,,,,,,,,,,,,,,,,,,,,,,,,,,,,,,,,,,,,,,,,,,,,
 07/02  03:30:00,,,,,,,,,,,,,,,,,,,,,,,,,,0,,,,,,,,,,,,,,,,,,,,,,,,,,,,,,,,,,,,,,,,,,,,,,,,
 07/02  03:35:00,,,,,,,,,,,,,,,,,,,,,,,,,,0,,,,,,,,,,,,,,,,,,,,,,,,,,,,,,,,,,,,,,,,,,,,,,,,
 07/02  03:40:00,,,,,,,,,,,,,,,,,,,,,,,,,,0,,,,,,,,,,,,,,,,,,,,,,,,,,,,,,,,,,,,,,,,,,,,,,,,
 07/02  03:45:00,,,,,,,,,,,,,,,,,,,,,,,,,,0,,,,,,,,,,,,,,,,,,,,,,,,,,,,,,,,,,,,,,,,,,,,,,,,
 07/02  03:50:00,,,,,,,,,,,,,,,,,,,,,,,,,,0,,,,,,,,,,,,,,,,,,,,,,,,,,,,,,,,,,,,,,,,,,,,,,,,
 07/02  03:55:00,,,,,,,,,,,,,,,,,,,,,,,,,,0,,,,,,,,,,,,,,,,,,,,,,,,,,,,,,,,,,,,,,,,,,,,,,,,
 07/02  04:00:00,13.44583333,12.64163732,12.38925221,11.90023592,12.46084655,11.83339318,13.3856097,0,0,20.80222648,15.84,0,20.14658563,6.84,0,20.19547433,15.84,0,20.12547518,6.84,0,20.21729902,29.64,0,20.84843282,0,0,0,0,0,0,0,0,0,0,0,0,0,0,0,0,0,0,0,0,8.513551404,8.513551404,0,0,46.44393786,0,8.513551404,0,20.84257762,0.011187906,12.64163732,20.84257762,0,0.011187906,13,81.99998038,0,0,0,7.22,0,13.44583333,0,0.008681976,11.5,13.44583333,0,0.008681976,4.5
 07/02  04:05:00,,,,,,,,,,,,,,,,,,,,,,,,,,0,,,,,,,,,,,,,,,,,,,,,,,,,,,,,,,,,,,,,,,,,,,,,,,,
 07/02  04:10:00,,,,,,,,,,,,,,,,,,,,,,,,,,0,,,,,,,,,,,,,,,,,,,,,,,,,,,,,,,,,,,,,,,,,,,,,,,,
 07/02  04:15:00,,,,,,,,,,,,,,,,,,,,,,,,,,0,,,,,,,,,,,,,,,,,,,,,,,,,,,,,,,,,,,,,,,,,,,,,,,,
 07/02  04:20:00,,,,,,,,,,,,,,,,,,,,,,,,,,0,,,,,,,,,,,,,,,,,,,,,,,,,,,,,,,,,,,,,,,,,,,,,,,,
 07/02  04:25:00,,,,,,,,,,,,,,,,,,,,,,,,,,0,,,,,,,,,,,,,,,,,,,,,,,,,,,,,,,,,,,,,,,,,,,,,,,,
 07/02  04:30:00,,,,,,,,,,,,,,,,,,,,,,,,,,0,,,,,,,,,,,,,,,,,,,,,,,,,,,,,,,,,,,,,,,,,,,,,,,,
 07/02  04:35:00,,,,,,,,,,,,,,,,,,,,,,,,,,0,,,,,,,,,,,,,,,,,,,,,,,,,,,,,,,,,,,,,,,,,,,,,,,,
 07/02  04:40:00,,,,,,,,,,,,,,,,,,,,,,,,,,0,,,,,,,,,,,,,,,,,,,,,,,,,,,,,,,,,,,,,,,,,,,,,,,,
 07/02  04:45:00,,,,,,,,,,,,,,,,,,,,,,,,,,0,,,,,,,,,,,,,,,,,,,,,,,,,,,,,,,,,,,,,,,,,,,,,,,,
 07/02  04:50:00,,,,,,,,,,,,,,,,,,,,,,,,,,0,,,,,,,,,,,,,,,,,,,,,,,,,,,,,,,,,,,,,,,,,,,,,,,,
 07/02  04:55:00,,,,,,,,,,,,,,,,,,,,,,,,,,0,,,,,,,,,,,,,,,,,,,,,,,,,,,,,,,,,,,,,,,,,,,,,,,,
 07/02  05:00:00,13.61666667,12.64163732,12.38925221,11.90023592,12.46084655,11.83339318,13.3856097,0,0,20.36984834,15.84,0,20.05432538,6.84,0,20.15543023,15.84,0,20.14595281,6.84,0,20.1090703,29.64,0,20.7154499,0,0,0,0,0,0,0,0,0,0,0,0,0,0,0,0,0,0,0,0,8.513551404,8.513551404,0,0,46.44393786,0,8.513551404,0,20.39928761,0.011187906,12.64163732,20.39928761,0,0.011187906,13,81.99998038,0,0,0,7.22,0,13.61666667,0,0.008473767,11.5,13.61666667,0,0.008473767,4.5
 07/02  05:05:00,,,,,,,,,,,,,,,,,,,,,,,,,,0,,,,,,,,,,,,,,,,,,,,,,,,,,,,,,,,,,,,,,,,,,,,,,,,
 07/02  05:10:00,,,,,,,,,,,,,,,,,,,,,,,,,,0,,,,,,,,,,,,,,,,,,,,,,,,,,,,,,,,,,,,,,,,,,,,,,,,
 07/02  05:15:00,,,,,,,,,,,,,,,,,,,,,,,,,,0,,,,,,,,,,,,,,,,,,,,,,,,,,,,,,,,,,,,,,,,,,,,,,,,
 07/02  05:20:00,,,,,,,,,,,,,,,,,,,,,,,,,,0,,,,,,,,,,,,,,,,,,,,,,,,,,,,,,,,,,,,,,,,,,,,,,,,
 07/02  05:25:00,,,,,,,,,,,,,,,,,,,,,,,,,,0,,,,,,,,,,,,,,,,,,,,,,,,,,,,,,,,,,,,,,,,,,,,,,,,
 07/02  05:30:00,,,,,,,,,,,,,,,,,,,,,,,,,,0,,,,,,,,,,,,,,,,,,,,,,,,,,,,,,,,,,,,,,,,,,,,,,,,
 07/02  05:35:00,,,,,,,,,,,,,,,,,,,,,,,,,,0,,,,,,,,,,,,,,,,,,,,,,,,,,,,,,,,,,,,,,,,,,,,,,,,
 07/02  05:40:00,,,,,,,,,,,,,,,,,,,,,,,,,,0,,,,,,,,,,,,,,,,,,,,,,,,,,,,,,,,,,,,,,,,,,,,,,,,
 07/02  05:45:00,,,,,,,,,,,,,,,,,,,,,,,,,,0,,,,,,,,,,,,,,,,,,,,,,,,,,,,,,,,,,,,,,,,,,,,,,,,
 07/02  05:50:00,,,,,,,,,,,,,,,,,,,,,,,,,,0,,,,,,,,,,,,,,,,,,,,,,,,,,,,,,,,,,,,,,,,,,,,,,,,
 07/02  05:55:00,,,,,,,,,,,,,,,,,,,,,,,,,,0,,,,,,,,,,,,,,,,,,,,,,,,,,,,,,,,,,,,,,,,,,,,,,,,
 07/02  06:00:00,14.55833333,12.65160447,12.39919944,11.91014496,12.47079922,11.84329697,13.39563557,0,0,20.21985311,15.84,0,20.17811744,6.84,0,21.39463105,15.84,0,21.96442409,6.84,0,20.27457011,29.64,0,20.69212729,0,0,0,0,0,0,0,0,0,0,0,0,0,0,0,0,0,0,0,0,8.513551404,8.513551404,0,0,46.44393786,0,8.513551404,0,20.21788285,0.011187906,12.65160447,20.21788285,0,0.011187906,13,81.99998038,0,0,0,7.22,0,14.55833333,0,0.008695887,11.5,14.55833333,0,0.008695887,4.5
 07/02  06:01:00,,,,,,,,,,,,,,,,,,,,,,,,,,630400.1876,,,,,,,,,,,,,,,,,,,,,,,,,,,,,,,,,,,,,,,,,,,,,,,,
 07/02  06:02:00,,,,,,,,,,,,,,,,,,,,,,,,,,534960.7426,,,,,,,,,,,,,,,,,,,,,,,,,,,,,,,,,,,,,,,,,,,,,,,,
 07/02  06:03:00,,,,,,,,,,,,,,,,,,,,,,,,,,465185.0712,,,,,,,,,,,,,,,,,,,,,,,,,,,,,,,,,,,,,,,,,,,,,,,,
 07/02  06:04:00,,,,,,,,,,,,,,,,,,,,,,,,,,344410.8022,,,,,,,,,,,,,,,,,,,,,,,,,,,,,,,,,,,,,,,,,,,,,,,,
 07/02  06:05:00,,,,,,,,,,,,,,,,,,,,,,,,,,300310.8369,,,,,,,,,,,,,,,,,,,,,,,,,,,,,,,,,,,,,,,,,,,,,,,,
 07/02  06:06:40,,,,,,,,,,,,,,,,,,,,,,,,,,656765.1847,,,,,,,,,,,,,,,,,,,,,,,,,,,,,,,,,,,,,,,,,,,,,,,,
 07/02  06:08:19,,,,,,,,,,,,,,,,,,,,,,,,,,445142.1939,,,,,,,,,,,,,,,,,,,,,,,,,,,,,,,,,,,,,,,,,,,,,,,,
 07/02  06:10:00,,,,,,,,,,,,,,,,,,,,,,,,,,428203.5746,,,,,,,,,,,,,,,,,,,,,,,,,,,,,,,,,,,,,,,,,,,,,,,,
 07/02  06:12:30,,,,,,,,,,,,,,,,,,,,,,,,,,760223.2445,,,,,,,,,,,,,,,,,,,,,,,,,,,,,,,,,,,,,,,,,,,,,,,,
 07/02  06:15:00,,,,,,,,,,,,,,,,,,,,,,,,,,556372.5617,,,,,,,,,,,,,,,,,,,,,,,,,,,,,,,,,,,,,,,,,,,,,,,,
 07/02  06:20:00,,,,,,,,,,,,,,,,,,,,,,,,,,1221804.984,,,,,,,,,,,,,,,,,,,,,,,,,,,,,,,,,,,,,,,,,,,,,,,,
 07/02  06:25:00,,,,,,,,,,,,,,,,,,,,,,,,,,1246287.666,,,,,,,,,,,,,,,,,,,,,,,,,,,,,,,,,,,,,,,,,,,,,,,,
 07/02  06:30:00,,,,,,,,,,,,,,,,,,,,,,,,,,1276757.301,,,,,,,,,,,,,,,,,,,,,,,,,,,,,,,,,,,,,,,,,,,,,,,,
 07/02  06:35:00,,,,,,,,,,,,,,,,,,,,,,,,,,1293353.755,,,,,,,,,,,,,,,,,,,,,,,,,,,,,,,,,,,,,,,,,,,,,,,,
 07/02  06:40:00,,,,,,,,,,,,,,,,,,,,,,,,,,1308952.52,,,,,,,,,,,,,,,,,,,,,,,,,,,,,,,,,,,,,,,,,,,,,,,,
 07/02  06:45:00,,,,,,,,,,,,,,,,,,,,,,,,,,1345900.425,,,,,,,,,,,,,,,,,,,,,,,,,,,,,,,,,,,,,,,,,,,,,,,,
 07/02  06:50:00,,,,,,,,,,,,,,,,,,,,,,,,,,1372972.691,,,,,,,,,,,,,,,,,,,,,,,,,,,,,,,,,,,,,,,,,,,,,,,,
 07/02  06:55:00,,,,,,,,,,,,,,,,,,,,,,,,,,1396330.774,,,,,,,,,,,,,,,,,,,,,,,,,,,,,,,,,,,,,,,,,,,,,,,,
 07/02  07:00:00,16.825,12.11227327,11.7196914,11.10922655,11.78749947,11.02986348,12.79290329,633.1934303,0,20.87355803,1015.127414,0,22.14813318,0,524.3773422,22.35029428,0,785.3220564,23.15186331,416.726907,0,22.15892799,1281.751112,0,22.10594082,1419178.838,0,5173.742012,2535.590288,0,1749.020613,113.0049984,0,1114.229534,2007.42734,0,0,1386.236156,1386.236156,1029.556008,1029.556008,5173.742012,6467.177515,894.1723631,2535.590288,8.413260903,7.22,0.505970442,3429.762651,58.70751905,0.058327804,8.413260903,0.505970442,14.47921633,0.009561252,10.32530576,13.00021037,0.374358764,0.009561252,13,81.99999897,0,0,0.053301598,7.22,0.137512714,11.50092473,0.254895401,0.008954889,11.5,16.825,0.254895401,0.008954889,4.5
 07/02  07:05:00,,,,,,,,,,,,,,,,,,,,,,,,,,1437969.391,,,,,,,,,,,,,,,,,,,,,,,,,,,,,,,,,,,,,,,,,,,,,,,,
 07/02  07:10:00,,,,,,,,,,,,,,,,,,,,,,,,,,1455522.292,,,,,,,,,,,,,,,,,,,,,,,,,,,,,,,,,,,,,,,,,,,,,,,,
 07/02  07:15:00,,,,,,,,,,,,,,,,,,,,,,,,,,1490894.182,,,,,,,,,,,,,,,,,,,,,,,,,,,,,,,,,,,,,,,,,,,,,,,,
 07/02  07:20:00,,,,,,,,,,,,,,,,,,,,,,,,,,1523121.445,,,,,,,,,,,,,,,,,,,,,,,,,,,,,,,,,,,,,,,,,,,,,,,,
 07/02  07:25:00,,,,,,,,,,,,,,,,,,,,,,,,,,1552051.333,,,,,,,,,,,,,,,,,,,,,,,,,,,,,,,,,,,,,,,,,,,,,,,,
 07/02  07:30:00,,,,,,,,,,,,,,,,,,,,,,,,,,1582613.813,,,,,,,,,,,,,,,,,,,,,,,,,,,,,,,,,,,,,,,,,,,,,,,,
 07/02  07:35:00,,,,,,,,,,,,,,,,,,,,,,,,,,1610526.808,,,,,,,,,,,,,,,,,,,,,,,,,,,,,,,,,,,,,,,,,,,,,,,,
 07/02  07:40:00,,,,,,,,,,,,,,,,,,,,,,,,,,1639946.991,,,,,,,,,,,,,,,,,,,,,,,,,,,,,,,,,,,,,,,,,,,,,,,,
 07/02  07:45:00,,,,,,,,,,,,,,,,,,,,,,,,,,1682688.173,,,,,,,,,,,,,,,,,,,,,,,,,,,,,,,,,,,,,,,,,,,,,,,,
 07/02  07:50:00,,,,,,,,,,,,,,,,,,,,,,,,,,1722222.824,,,,,,,,,,,,,,,,,,,,,,,,,,,,,,,,,,,,,,,,,,,,,,,,
 07/02  07:55:00,,,,,,,,,,,,,,,,,,,,,,,,,,1760932.29,,,,,,,,,,,,,,,,,,,,,,,,,,,,,,,,,,,,,,,,,,,,,,,,
 07/02  08:00:00,19.5,10.82432014,10.50488891,10.01153767,10.49215077,9.97356498,11.51866848,515.4720977,0,21.745111,215.9069591,0,22.20047469,0,785.0736708,23.59397589,0,1044.299827,23.88827422,54.41594286,5.504653584,22.20046327,566.9058,0,22.20091929,1798691.124,0,2808.341027,3557.628098,0,956.9915511,0,0,750.4892294,1305.550798,0,0,2081.768667,2081.768667,1356.1696,1356.1696,2808.341027,3510.426284,1089.503497,3557.628098,8.555689445,7.22,0.633727368,4647.131595,49.66545739,0.020893105,8.555689445,0.633727368,15.15896511,0.009155109,9.686337544,12.99018554,0.398085722,0.009155109,13,81.99999999,0,0,0.073432456,7.22,0.210921836,11.50094153,0.254895401,0.008711175,11.5,19.5,0.254895401,0.008711175,4.5
 07/02  08:02:30,,,,,,,,,,,,,,,,,,,,,,,,,,886641.7756,,,,,,,,,,,,,,,,,,,,,,,,,,,,,,,,,,,,,,,,,,,,,,,,
 07/02  08:05:00,,,,,,,,,,,,,,,,,,,,,,,,,,979342.0293,,,,,,,,,,,,,,,,,,,,,,,,,,,,,,,,,,,,,,,,,,,,,,,,
 07/02  08:07:30,,,,,,,,,,,,,,,,,,,,,,,,,,1066835.933,,,,,,,,,,,,,,,,,,,,,,,,,,,,,,,,,,,,,,,,,,,,,,,,
 07/02  08:10:00,,,,,,,,,,,,,,,,,,,,,,,,,,1090967.699,,,,,,,,,,,,,,,,,,,,,,,,,,,,,,,,,,,,,,,,,,,,,,,,
 07/02  08:15:00,,,,,,,,,,,,,,,,,,,,,,,,,,2294827.136,,,,,,,,,,,,,,,,,,,,,,,,,,,,,,,,,,,,,,,,,,,,,,,,
 07/02  08:20:00,,,,,,,,,,,,,,,,,,,,,,,,,,2362622.303,,,,,,,,,,,,,,,,,,,,,,,,,,,,,,,,,,,,,,,,,,,,,,,,
 07/02  08:25:00,,,,,,,,,,,,,,,,,,,,,,,,,,2428773.991,,,,,,,,,,,,,,,,,,,,,,,,,,,,,,,,,,,,,,,,,,,,,,,,
 07/02  08:30:00,,,,,,,,,,,,,,,,,,,,,,,,,,2481645.02,,,,,,,,,,,,,,,,,,,,,,,,,,,,,,,,,,,,,,,,,,,,,,,,
 07/02  08:35:00,,,,,,,,,,,,,,,,,,,,,,,,,,2536033.652,,,,,,,,,,,,,,,,,,,,,,,,,,,,,,,,,,,,,,,,,,,,,,,,
 07/02  08:40:00,,,,,,,,,,,,,,,,,,,,,,,,,,2590487.447,,,,,,,,,,,,,,,,,,,,,,,,,,,,,,,,,,,,,,,,,,,,,,,,
 07/02  08:45:00,,,,,,,,,,,,,,,,,,,,,,,,,,2642954.806,,,,,,,,,,,,,,,,,,,,,,,,,,,,,,,,,,,,,,,,,,,,,,,,
 07/02  08:50:00,,,,,,,,,,,,,,,,,,,,,,,,,,2689776.176,,,,,,,,,,,,,,,,,,,,,,,,,,,,,,,,,,,,,,,,,,,,,,,,
 07/02  08:55:00,,,,,,,,,,,,,,,,,,,,,,,,,,2734036.152,,,,,,,,,,,,,,,,,,,,,,,,,,,,,,,,,,,,,,,,,,,,,,,,
 07/02  09:00:00,21.9,10.74694253,11.40155819,10.42219003,10.84120762,10.71925545,12.33999878,1297.554545,0,23.56632782,0,818.0459197,23.13443155,0,1777.491683,23.89937138,0,2276.749075,23.89937277,0,664.6183483,22.2754419,0,853.1984562,23.41160489,2808796.725,0,30.05817592,6531.806251,0,0,0,0,43.39699697,0,0,0,2704.410529,2704.410529,3787.925303,3787.925303,30.05817592,37.5727199,1681.162774,6531.806251,9.221118691,7.22,0.776417819,8212.969024,47.14228965,0.000207053,9.221118691,0.776417819,18.33840168,0.009158857,9.692689805,12.99530775,0.596742138,0.009158857,13,82,0,0,0.17732535,7.22,0.292943499,11.50103509,0.254895401,0.008314559,11.5,21.9,0.254895401,0.008314559,4.5
 07/02  09:05:00,,,,,,,,,,,,,,,,,,,,,,,,,,3178759.986,,,,,,,,,,,,,,,,,,,,,,,,,,,,,,,,,,,,,,,,,,,,,,,,
 07/02  09:10:00,,,,,,,,,,,,,,,,,,,,,,,,,,3555567.163,,,,,,,,,,,,,,,,,,,,,,,,,,,,,,,,,,,,,,,,,,,,,,,,
 07/02  09:15:00,,,,,,,,,,,,,,,,,,,,,,,,,,3714913.703,,,,,,,,,,,,,,,,,,,,,,,,,,,,,,,,,,,,,,,,,,,,,,,,
 07/02  09:20:00,,,,,,,,,,,,,,,,,,,,,,,,,,3808570.817,,,,,,,,,,,,,,,,,,,,,,,,,,,,,,,,,,,,,,,,,,,,,,,,
 07/02  09:25:00,,,,,,,,,,,,,,,,,,,,,,,,,,3904624.901,,,,,,,,,,,,,,,,,,,,,,,,,,,,,,,,,,,,,,,,,,,,,,,,
 07/02  09:30:00,,,,,,,,,,,,,,,,,,,,,,,,,,3993543.71,,,,,,,,,,,,,,,,,,,,,,,,,,,,,,,,,,,,,,,,,,,,,,,,
 07/02  09:35:00,,,,,,,,,,,,,,,,,,,,,,,,,,4078968.683,,,,,,,,,,,,,,,,,,,,,,,,,,,,,,,,,,,,,,,,,,,,,,,,
 07/02  09:40:00,,,,,,,,,,,,,,,,,,,,,,,,,,4162905.12,,,,,,,,,,,,,,,,,,,,,,,,,,,,,,,,,,,,,,,,,,,,,,,,
 07/02  09:45:00,,,,,,,,,,,,,,,,,,,,,,,,,,4247959.127,,,,,,,,,,,,,,,,,,,,,,,,,,,,,,,,,,,,,,,,,,,,,,,,
 07/02  09:50:00,,,,,,,,,,,,,,,,,,,,,,,,,,4331806.841,,,,,,,,,,,,,,,,,,,,,,,,,,,,,,,,,,,,,,,,,,,,,,,,
 07/02  09:55:00,,,,,,,,,,,,,,,,,,,,,,,,,,4413186.253,,,,,,,,,,,,,,,,,,,,,,,,,,,,,,,,,,,,,,,,,,,,,,,,
 07/02  10:00:00,24.625,12.19056523,12.79453774,11.55237104,11.9720238,12.15636336,13.58767738,417.5936693,7.083118495,25.0084757,0,1580.307923,23.89846784,0,2243.11792,23.89953349,0,2620.111975,23.89937528,0,793.4165943,23.37264219,0,2088.561053,23.89904786,4492249.192,0,0,10710.05651,0,0,0,0,0,0,0,0,3414.329418,3414.329418,7376.556459,7376.556459,0,0,2590.792243,10710.05651,10.4159767,7.22,0.800533756,13300.84875,47.08255817,0,10.4159767,0.800533756,20.83472353,0.010050121,11.06767732,12.99293244,0.837673646,0.010050121,13,82,0,0,0.278277335,7.22,0.337789499,11.4995787,0.254895401,0.008435068,11.5,24.625,0.254895401,0.008435068,4.5
 07/02  10:05:00,,,,,,,,,,,,,,,,,,,,,,,,,,4608759.37,,,,,,,,,,,,,,,,,,,,,,,,,,,,,,,,,,,,,,,,,,,,,,,,
 07/02  10:10:00,,,,,,,,,,,,,,,,,,,,,,,,,,4699199.258,,,,,,,,,,,,,,,,,,,,,,,,,,,,,,,,,,,,,,,,,,,,,,,,
 07/02  10:15:00,,,,,,,,,,,,,,,,,,,,,,,,,,4778735.983,,,,,,,,,,,,,,,,,,,,,,,,,,,,,,,,,,,,,,,,,,,,,,,,
 07/02  10:20:00,,,,,,,,,,,,,,,,,,,,,,,,,,4845893.739,,,,,,,,,,,,,,,,,,,,,,,,,,,,,,,,,,,,,,,,,,,,,,,,
 07/02  10:25:00,,,,,,,,,,,,,,,,,,,,,,,,,,4911494.133,,,,,,,,,,,,,,,,,,,,,,,,,,,,,,,,,,,,,,,,,,,,,,,,
 07/02  10:30:00,,,,,,,,,,,,,,,,,,,,,,,,,,4977840.873,,,,,,,,,,,,,,,,,,,,,,,,,,,,,,,,,,,,,,,,,,,,,,,,
 07/02  10:35:00,,,,,,,,,,,,,,,,,,,,,,,,,,5029486.666,,,,,,,,,,,,,,,,,,,,,,,,,,,,,,,,,,,,,,,,,,,,,,,,
 07/02  10:40:00,,,,,,,,,,,,,,,,,,,,,,,,,,4156708.594,,,,,,,,,,,,,,,,,,,,,,,,,,,,,,,,,,,,,,,,,,,,,,,,
 07/02  10:45:00,,,,,,,,,,,,,,,,,,,,,,,,,,4768556.542,,,,,,,,,,,,,,,,,,,,,,,,,,,,,,,,,,,,,,,,,,,,,,,,
 07/02  10:50:00,,,,,,,,,,,,,,,,,,,,,,,,,,4943300.858,,,,,,,,,,,,,,,,,,,,,,,,,,,,,,,,,,,,,,,,,,,,,,,,
 07/02  10:55:00,,,,,,,,,,,,,,,,,,,,,,,,,,5001355.461,,,,,,,,,,,,,,,,,,,,,,,,,,,,,,,,,,,,,,,,,,,,,,,,
 07/02  11:00:00,26.54166667,13.04314609,13.17986274,12.30522511,12.8224758,13.10476631,13.92287002,0,516.1983444,26.0528673,0,2066.41713,23.8989865,0,2196.545662,23.89914195,0,2573.326753,23.89905984,0,948.8074838,23.8968517,0,2400.883173,23.89893405,5025452.63,0,0,12918.2623,0,0,0,0,0,0,0,0,3908.167992,3908.167992,9044.642191,9044.642191,0,0,3122.511062,12918.2623,11.23995141,7.22,0.780098756,16040.77336,47.08255817,0,11.23995141,0.780098756,21.94891011,0.010424943,11.62401631,13.0001413,0.910833227,0.010424943,13,82,0,0,0.316424726,7.22,0.316554658,11.50008729,0.254895401,0.007807662,11.5,26.54166667,0.254895401,0.007807662,4.5
 07/02  11:05:00,,,,,,,,,,,,,,,,,,,,,,,,,,4910304.503,,,,,,,,,,,,,,,,,,,,,,,,,,,,,,,,,,,,,,,,,,,,,,,,
 07/02  11:10:00,,,,,,,,,,,,,,,,,,,,,,,,,,4799858.434,,,,,,,,,,,,,,,,,,,,,,,,,,,,,,,,,,,,,,,,,,,,,,,,
 07/02  11:15:00,,,,,,,,,,,,,,,,,,,,,,,,,,4769002.943,,,,,,,,,,,,,,,,,,,,,,,,,,,,,,,,,,,,,,,,,,,,,,,,
 07/02  11:20:00,,,,,,,,,,,,,,,,,,,,,,,,,,4758776.128,,,,,,,,,,,,,,,,,,,,,,,,,,,,,,,,,,,,,,,,,,,,,,,,
 07/02  11:25:00,,,,,,,,,,,,,,,,,,,,,,,,,,4761280.615,,,,,,,,,,,,,,,,,,,,,,,,,,,,,,,,,,,,,,,,,,,,,,,,
 07/02  11:30:00,,,,,,,,,,,,,,,,,,,,,,,,,,4766301.435,,,,,,,,,,,,,,,,,,,,,,,,,,,,,,,,,,,,,,,,,,,,,,,,
 07/02  11:35:00,,,,,,,,,,,,,,,,,,,,,,,,,,4776142.94,,,,,,,,,,,,,,,,,,,,,,,,,,,,,,,,,,,,,,,,,,,,,,,,
 07/02  11:40:00,,,,,,,,,,,,,,,,,,,,,,,,,,4792863.231,,,,,,,,,,,,,,,,,,,,,,,,,,,,,,,,,,,,,,,,,,,,,,,,
 07/02  11:45:00,,,,,,,,,,,,,,,,,,,,,,,,,,4813096.338,,,,,,,,,,,,,,,,,,,,,,,,,,,,,,,,,,,,,,,,,,,,,,,,
 07/02  11:50:00,,,,,,,,,,,,,,,,,,,,,,,,,,4835500.439,,,,,,,,,,,,,,,,,,,,,,,,,,,,,,,,,,,,,,,,,,,,,,,,
 07/02  11:55:00,,,,,,,,,,,,,,,,,,,,,,,,,,4859331.031,,,,,,,,,,,,,,,,,,,,,,,,,,,,,,,,,,,,,,,,,,,,,,,,
 07/02  12:00:00,27.54166667,12.62470125,12.40748248,11.61774344,12.13290649,12.28524001,13.33811806,0,1070.933164,26.80484396,0,2024.55352,23.89883886,0,1610.738335,23.89899513,0,2409.337449,23.89882352,0,1004.623485,23.89880381,0,2314.187008,23.89878601,4884036.795,0,0,12893.40892,0,0,0,0,0,0,0,0,4156.827981,4156.827981,8470.566309,8470.566309,0,0,3141.728532,12893.40892,11.55152235,7.22,0.711499966,16035.13745,47.08255817,0,11.55152235,0.711499966,22.13750722,0.009728367,10.59407277,13.00036996,0.83783115,0.009728367,13,82,0,0,0.327447882,7.22,0.195893833,11.50003228,0.254895401,0.006334617,11.5,27.54166667,0.254895401,0.006334617,4.5
 07/02  12:05:00,,,,,,,,,,,,,,,,,,,,,,,,,,4607307.611,,,,,,,,,,,,,,,,,,,,,,,,,,,,,,,,,,,,,,,,,,,,,,,,
 07/02  12:10:00,,,,,,,,,,,,,,,,,,,,,,,,,,4381502.874,,,,,,,,,,,,,,,,,,,,,,,,,,,,,,,,,,,,,,,,,,,,,,,,
 07/02  12:15:00,,,,,,,,,,,,,,,,,,,,,,,,,,4326793.985,,,,,,,,,,,,,,,,,,,,,,,,,,,,,,,,,,,,,,,,,,,,,,,,
 07/02  12:20:00,,,,,,,,,,,,,,,,,,,,,,,,,,4319403.604,,,,,,,,,,,,,,,,,,,,,,,,,,,,,,,,,,,,,,,,,,,,,,,,
 07/02  12:25:00,,,,,,,,,,,,,,,,,,,,,,,,,,4324481.997,,,,,,,,,,,,,,,,,,,,,,,,,,,,,,,,,,,,,,,,,,,,,,,,
 07/02  12:30:00,,,,,,,,,,,,,,,,,,,,,,,,,,4331553.773,,,,,,,,,,,,,,,,,,,,,,,,,,,,,,,,,,,,,,,,,,,,,,,,
 07/02  12:35:00,,,,,,,,,,,,,,,,,,,,,,,,,,4322893.199,,,,,,,,,,,,,,,,,,,,,,,,,,,,,,,,,,,,,,,,,,,,,,,,
 07/02  12:40:00,,,,,,,,,,,,,,,,,,,,,,,,,,4298039.456,,,,,,,,,,,,,,,,,,,,,,,,,,,,,,,,,,,,,,,,,,,,,,,,
 07/02  12:45:00,,,,,,,,,,,,,,,,,,,,,,,,,,4265010.336,,,,,,,,,,,,,,,,,,,,,,,,,,,,,,,,,,,,,,,,,,,,,,,,
 07/02  12:50:00,,,,,,,,,,,,,,,,,,,,,,,,,,4228371.772,,,,,,,,,,,,,,,,,,,,,,,,,,,,,,,,,,,,,,,,,,,,,,,,
 07/02  12:55:00,,,,,,,,,,,,,,,,,,,,,,,,,,4189424.99,,,,,,,,,,,,,,,,,,,,,,,,,,,,,,,,,,,,,,,,,,,,,,,,
 07/02  13:00:00,28,11.01679104,10.5715571,9.946953319,10.28186532,10.32141671,11.73627157,0,1259.236455,27.25858154,0,1795.741816,23.89910005,0,1207.496576,23.89914479,0,2155.381872,23.89909616,0,948.9960843,23.89909605,0,1868.986534,23.8990542,4148094.264,0,0,11532.98259,0,0,0,0,0,0,0,0,4272.882623,4272.882623,6888.842694,6888.842694,0,0,2840.039035,11532.98259,10.58825282,7.22,0.819745621,14373.02163,47.08255817,0,10.58825282,0.819745621,21.65405865,0.008668938,8.902532334,13.00385739,0.715393311,0.008668938,13,82,0,0,0.327763625,7.22,0.199662185,11.50162286,0.254895401,0.00603363,11.5,28,0.254895401,0.00603363,4.5
 07/02  13:05:00,,,,,,,,,,,,,,,,,,,,,,,,,,4401101.191,,,,,,,,,,,,,,,,,,,,,,,,,,,,,,,,,,,,,,,,,,,,,,,,
 07/02  13:10:00,,,,,,,,,,,,,,,,,,,,,,,,,,4551766.027,,,,,,,,,,,,,,,,,,,,,,,,,,,,,,,,,,,,,,,,,,,,,,,,
 07/02  13:15:00,,,,,,,,,,,,,,,,,,,,,,,,,,4528555.304,,,,,,,,,,,,,,,,,,,,,,,,,,,,,,,,,,,,,,,,,,,,,,,,
 07/02  13:20:00,,,,,,,,,,,,,,,,,,,,,,,,,,4461432.858,,,,,,,,,,,,,,,,,,,,,,,,,,,,,,,,,,,,,,,,,,,,,,,,
 07/02  13:25:00,,,,,,,,,,,,,,,,,,,,,,,,,,4381511.188,,,,,,,,,,,,,,,,,,,,,,,,,,,,,,,,,,,,,,,,,,,,,,,,
 07/02  13:30:00,,,,,,,,,,,,,,,,,,,,,,,,,,4304187.333,,,,,,,,,,,,,,,,,,,,,,,,,,,,,,,,,,,,,,,,,,,,,,,,
 07/02  13:35:00,,,,,,,,,,,,,,,,,,,,,,,,,,4257371.207,,,,,,,,,,,,,,,,,,,,,,,,,,,,,,,,,,,,,,,,,,,,,,,,
 07/02  13:40:00,,,,,,,,,,,,,,,,,,,,,,,,,,4233239.211,,,,,,,,,,,,,,,,,,,,,,,,,,,,,,,,,,,,,,,,,,,,,,,,
 07/02  13:45:00,,,,,,,,,,,,,,,,,,,,,,,,,,4222637.046,,,,,,,,,,,,,,,,,,,,,,,,,,,,,,,,,,,,,,,,,,,,,,,,
 07/02  13:50:00,,,,,,,,,,,,,,,,,,,,,,,,,,4221523.893,,,,,,,,,,,,,,,,,,,,,,,,,,,,,,,,,,,,,,,,,,,,,,,,
 07/02  13:55:00,,,,,,,,,,,,,,,,,,,,,,,,,,4229287.256,,,,,,,,,,,,,,,,,,,,,,,,,,,,,,,,,,,,,,,,,,,,,,,,
 07/02  14:00:00,26.91666667,9.888493513,9.678280915,9.294938487,9.471157508,9.454799266,10.63589827,0,1242.206262,27.28875968,0,1877.167845,23.89914356,0,1070.82152,23.89917603,0,2108.785873,23.89915861,0,986.5821661,23.89913478,0,2293.356451,23.89899355,4242195.933,0,0,11618.82391,0,0,0,0,0,0,0,0,3990.881322,3990.881322,7407.559559,7407.559559,0,0,2835.289545,11618.82391,10.21865515,7.22,0.925137633,14454.11346,47.08255817,0,10.21865515,0.925137633,21.93528345,0.008095491,7.900142001,12.99783438,0.74813071,0.008095491,13,82,0,0,0.40846571,7.22,0.19002857,11.50001512,0.254895401,0.005770568,11.5,26.91666667,0.254895401,0.005770568,4.5
 07/02  14:05:00,,,,,,,,,,,,,,,,,,,,,,,,,,4346369.717,,,,,,,,,,,,,,,,,,,,,,,,,,,,,,,,,,,,,,,,,,,,,,,,
 07/02  14:10:00,,,,,,,,,,,,,,,,,,,,,,,,,,4465487.097,,,,,,,,,,,,,,,,,,,,,,,,,,,,,,,,,,,,,,,,,,,,,,,,
 07/02  14:15:00,,,,,,,,,,,,,,,,,,,,,,,,,,4561580.031,,,,,,,,,,,,,,,,,,,,,,,,,,,,,,,,,,,,,,,,,,,,,,,,
 07/02  14:20:00,,,,,,,,,,,,,,,,,,,,,,,,,,4648957.651,,,,,,,,,,,,,,,,,,,,,,,,,,,,,,,,,,,,,,,,,,,,,,,,
 07/02  14:25:00,,,,,,,,,,,,,,,,,,,,,,,,,,4734817.229,,,,,,,,,,,,,,,,,,,,,,,,,,,,,,,,,,,,,,,,,,,,,,,,
 07/02  14:30:00,,,,,,,,,,,,,,,,,,,,,,,,,,4822570.257,,,,,,,,,,,,,,,,,,,,,,,,,,,,,,,,,,,,,,,,,,,,,,,,
 07/02  14:35:00,,,,,,,,,,,,,,,,,,,,,,,,,,4888528.157,,,,,,,,,,,,,,,,,,,,,,,,,,,,,,,,,,,,,,,,,,,,,,,,
 07/02  14:40:00,,,,,,,,,,,,,,,,,,,,,,,,,,4933718.964,,,,,,,,,,,,,,,,,,,,,,,,,,,,,,,,,,,,,,,,,,,,,,,,
 07/02  14:45:00,,,,,,,,,,,,,,,,,,,,,,,,,,4970769.253,,,,,,,,,,,,,,,,,,,,,,,,,,,,,,,,,,,,,,,,,,,,,,,,
 07/02  14:50:00,,,,,,,,,,,,,,,,,,,,,,,,,,5002558.925,,,,,,,,,,,,,,,,,,,,,,,,,,,,,,,,,,,,,,,,,,,,,,,,
 07/02  14:55:00,,,,,,,,,,,,,,,,,,,,,,,,,,5030083.338,,,,,,,,,,,,,,,,,,,,,,,,,,,,,,,,,,,,,,,,,,,,,,,,
 07/02  15:00:00,27.08333333,9.713445831,9.634033733,9.42083419,9.517627643,9.267013868,10.55383339,0,1293.385765,27.15882267,0,2175.869393,23.89911435,0,1103.823215,23.89915446,0,2299.398065,23.89913734,0,1352.358913,23.899074,0,2416.191295,23.89903925,5043904.241,0,0,12839.29309,0,0,0,0,0,0,0,0,4034.602731,4034.602731,8713.865737,8713.865737,0,0,3118.858259,12839.29309,10.47617989,7.22,0.941499463,15958.15135,47.08255817,0,10.47617989,0.941499463,22.42484576,0.008152498,7.993782196,12.99820618,0.83906178,0.008152498,13,82,0,0,0.472167509,7.22,0.191551047,11.50017083,0.254895401,0.005854036,11.5,27.08333333,0.254895401,0.005854036,4.5
 07/02  15:05:00,,,,,,,,,,,,,,,,,,,,,,,,,,4937940.538,,,,,,,,,,,,,,,,,,,,,,,,,,,,,,,,,,,,,,,,,,,,,,,,
 07/02  15:10:00,,,,,,,,,,,,,,,,,,,,,,,,,,4860756.971,,,,,,,,,,,,,,,,,,,,,,,,,,,,,,,,,,,,,,,,,,,,,,,,
 07/02  15:15:00,,,,,,,,,,,,,,,,,,,,,,,,,,4842255.131,,,,,,,,,,,,,,,,,,,,,,,,,,,,,,,,,,,,,,,,,,,,,,,,
 07/02  15:20:00,,,,,,,,,,,,,,,,,,,,,,,,,,4827860.129,,,,,,,,,,,,,,,,,,,,,,,,,,,,,,,,,,,,,,,,,,,,,,,,
 07/02  15:25:00,,,,,,,,,,,,,,,,,,,,,,,,,,4805794.603,,,,,,,,,,,,,,,,,,,,,,,,,,,,,,,,,,,,,,,,,,,,,,,,
 07/02  15:30:00,,,,,,,,,,,,,,,,,,,,,,,,,,4781077.498,,,,,,,,,,,,,,,,,,,,,,,,,,,,,,,,,,,,,,,,,,,,,,,,
 07/02  15:35:00,,,,,,,,,,,,,,,,,,,,,,,,,,4771361.037,,,,,,,,,,,,,,,,,,,,,,,,,,,,,,,,,,,,,,,,,,,,,,,,
 07/02  15:40:00,,,,,,,,,,,,,,,,,,,,,,,,,,4781565.534,,,,,,,,,,,,,,,,,,,,,,,,,,,,,,,,,,,,,,,,,,,,,,,,
 07/02  15:45:00,,,,,,,,,,,,,,,,,,,,,,,,,,4797463.087,,,,,,,,,,,,,,,,,,,,,,,,,,,,,,,,,,,,,,,,,,,,,,,,
 07/02  15:50:00,,,,,,,,,,,,,,,,,,,,,,,,,,4812937.509,,,,,,,,,,,,,,,,,,,,,,,,,,,,,,,,,,,,,,,,,,,,,,,,
 07/02  15:55:00,,,,,,,,,,,,,,,,,,,,,,,,,,4841874.892,,,,,,,,,,,,,,,,,,,,,,,,,,,,,,,,,,,,,,,,,,,,,,,,
 07/02  16:00:00,28,10.34289321,10.36787102,10.26752117,10.30679549,9.945748249,11.24810223,0,1266.469783,27.1738258,0,2142.856893,23.89925175,0,1051.835123,23.89925617,0,2228.769088,23.89925887,0,1459.553794,23.89925861,0,2325.810902,23.89915456,4879756.252,0,0,12931.77237,0,0,0,0,0,0,0,0,4280.072387,4280.072387,8513.502041,8513.502041,0,0,3162.850734,12931.77237,10.77121077,7.22,0.869796699,16094.62311,47.08255817,0,10.77121077,0.869796699,22.34379542,0.008726439,8.981763286,13.00010063,0.826032543,0.008726439,13,82,0,0,0.398896181,7.22,0.200207255,11.50105324,0.254895401,0.006934418,11.5,28,0.254895401,0.006934418,4.5
 07/02  16:05:00,,,,,,,,,,,,,,,,,,,,,,,,,,4720090.785,,,,,,,,,,,,,,,,,,,,,,,,,,,,,,,,,,,,,,,,,,,,,,,,
 07/02  16:10:00,,,,,,,,,,,,,,,,,,,,,,,,,,4601629.71,,,,,,,,,,,,,,,,,,,,,,,,,,,,,,,,,,,,,,,,,,,,,,,,
 07/02  16:15:00,,,,,,,,,,,,,,,,,,,,,,,,,,4599979.274,,,,,,,,,,,,,,,,,,,,,,,,,,,,,,,,,,,,,,,,,,,,,,,,
 07/02  16:20:00,,,,,,,,,,,,,,,,,,,,,,,,,,4626684.687,,,,,,,,,,,,,,,,,,,,,,,,,,,,,,,,,,,,,,,,,,,,,,,,
 07/02  16:25:00,,,,,,,,,,,,,,,,,,,,,,,,,,5365163.473,,,,,,,,,,,,,,,,,,,,,,,,,,,,,,,,,,,,,,,,,,,,,,,,
 07/02  16:30:00,,,,,,,,,,,,,,,,,,,,,,,,,,4770563.993,,,,,,,,,,,,,,,,,,,,,,,,,,,,,,,,,,,,,,,,,,,,,,,,
 07/02  16:35:00,,,,,,,,,,,,,,,,,,,,,,,,,,4711802.104,,,,,,,,,,,,,,,,,,,,,,,,,,,,,,,,,,,,,,,,,,,,,,,,
 07/02  16:40:00,,,,,,,,,,,,,,,,,,,,,,,,,,4700788.012,,,,,,,,,,,,,,,,,,,,,,,,,,,,,,,,,,,,,,,,,,,,,,,,
 07/02  16:45:00,,,,,,,,,,,,,,,,,,,,,,,,,,4690860.404,,,,,,,,,,,,,,,,,,,,,,,,,,,,,,,,,,,,,,,,,,,,,,,,
 07/02  16:50:00,,,,,,,,,,,,,,,,,,,,,,,,,,4677527.694,,,,,,,,,,,,,,,,,,,,,,,,,,,,,,,,,,,,,,,,,,,,,,,,
 07/02  16:55:00,,,,,,,,,,,,,,,,,,,,,,,,,,4660920.134,,,,,,,,,,,,,,,,,,,,,,,,,,,,,,,,,,,,,,,,,,,,,,,,
 07/02  17:00:00,27.45833333,11.3203649,11.4293017,11.41460447,11.43593456,10.82079868,12.3083855,0,1313.691785,27.34271142,0,2023.453248,23.8992888,0,922.806272,23.89929697,0,1966.267819,23.89930739,0,1950.146314,23.89933117,0,2043.192883,23.89923922,4639964.254,0,0,12678.13678,0,0,0,0,0,0,0,0,4146.651569,4146.651569,8192.492911,8192.492911,0,0,3090.189479,12678.13678,10.40542248,7.22,0.960730976,15768.32626,47.08255817,0,10.40542248,0.960730976,22.2887368,0.009430859,10.11071988,13.00049238,0.797892117,0.009430859,13,82,0,0,0.331978172,7.22,0.370107214,11.50006792,0.254895401,0.007842476,11.5,27.45833333,0.254895401,0.007842476,4.5
 07/02  17:05:00,,,,,,,,,,,,,,,,,,,,,,,,,,4605656.427,,,,,,,,,,,,,,,,,,,,,,,,,,,,,,,,,,,,,,,,,,,,,,,,
 07/02  17:10:00,,,,,,,,,,,,,,,,,,,,,,,,,,4555663.569,,,,,,,,,,,,,,,,,,,,,,,,,,,,,,,,,,,,,,,,,,,,,,,,
 07/02  17:15:00,,,,,,,,,,,,,,,,,,,,,,,,,,4504250.905,,,,,,,,,,,,,,,,,,,,,,,,,,,,,,,,,,,,,,,,,,,,,,,,
 07/02  17:20:00,,,,,,,,,,,,,,,,,,,,,,,,,,4448561.806,,,,,,,,,,,,,,,,,,,,,,,,,,,,,,,,,,,,,,,,,,,,,,,,
 07/02  17:25:00,,,,,,,,,,,,,,,,,,,,,,,,,,4387374.521,,,,,,,,,,,,,,,,,,,,,,,,,,,,,,,,,,,,,,,,,,,,,,,,
 07/02  17:30:00,,,,,,,,,,,,,,,,,,,,,,,,,,4322913.742,,,,,,,,,,,,,,,,,,,,,,,,,,,,,,,,,,,,,,,,,,,,,,,,
 07/02  17:35:00,,,,,,,,,,,,,,,,,,,,,,,,,,4259080.844,,,,,,,,,,,,,,,,,,,,,,,,,,,,,,,,,,,,,,,,,,,,,,,,
 07/02  17:40:00,,,,,,,,,,,,,,,,,,,,,,,,,,4196756.273,,,,,,,,,,,,,,,,,,,,,,,,,,,,,,,,,,,,,,,,,,,,,,,,
 07/02  17:45:00,,,,,,,,,,,,,,,,,,,,,,,,,,4135328.224,,,,,,,,,,,,,,,,,,,,,,,,,,,,,,,,,,,,,,,,,,,,,,,,
 07/02  17:50:00,,,,,,,,,,,,,,,,,,,,,,,,,,4076224.269,,,,,,,,,,,,,,,,,,,,,,,,,,,,,,,,,,,,,,,,,,,,,,,,
 07/02  17:55:00,,,,,,,,,,,,,,,,,,,,,,,,,,4017797.021,,,,,,,,,,,,,,,,,,,,,,,,,,,,,,,,,,,,,,,,,,,,,,,,
 07/02  18:00:00,25.375,12.24660633,12.39235334,12.44440267,12.46429713,11.51625309,13.23712335,0,1217.884431,27.37496931,0,1781.118294,23.89924068,0,785.5207804,23.88668098,0,1671.953183,23.89924942,0,2249.946287,23.8992818,0,2031.582339,23.89913766,3958404.675,0,0,11515.96865,0,0,0,0,0,0,0,0,3607.685821,3607.685821,7682.324824,7682.324824,0,0,2780.701426,11515.96865,10.20667172,7.22,0.919607934,14296.67008,47.08255817,0,10.20667172,0.919607934,22.0799917,0.009969075,10.90433156,13.00179476,0.762555738,0.009969075,13,82,0,0,0.285826659,7.22,0.382025207,11.50002939,0.254895401,0.008199404,11.5,25.375,0.254895401,0.008199404,4.5
 07/02  18:05:00,,,,,,,,,,,,,,,,,,,,,,,,,,3359940.596,,,,,,,,,,,,,,,,,,,,,,,,,,,,,,,,,,,,,,,,,,,,,,,,
 07/02  18:10:00,,,,,,,,,,,,,,,,,,,,,,,,,,2902576.703,,,,,,,,,,,,,,,,,,,,,,,,,,,,,,,,,,,,,,,,,,,,,,,,
 07/02  18:15:00,,,,,,,,,,,,,,,,,,,,,,,,,,2744947.694,,,,,,,,,,,,,,,,,,,,,,,,,,,,,,,,,,,,,,,,,,,,,,,,
 07/02  18:20:00,,,,,,,,,,,,,,,,,,,,,,,,,,2659321.847,,,,,,,,,,,,,,,,,,,,,,,,,,,,,,,,,,,,,,,,,,,,,,,,
 07/02  18:25:00,,,,,,,,,,,,,,,,,,,,,,,,,,2592564.879,,,,,,,,,,,,,,,,,,,,,,,,,,,,,,,,,,,,,,,,,,,,,,,,
 07/02  18:30:00,,,,,,,,,,,,,,,,,,,,,,,,,,2537314.173,,,,,,,,,,,,,,,,,,,,,,,,,,,,,,,,,,,,,,,,,,,,,,,,
 07/02  18:35:00,,,,,,,,,,,,,,,,,,,,,,,,,,2488637.086,,,,,,,,,,,,,,,,,,,,,,,,,,,,,,,,,,,,,,,,,,,,,,,,
 07/02  18:40:00,,,,,,,,,,,,,,,,,,,,,,,,,,2441116.979,,,,,,,,,,,,,,,,,,,,,,,,,,,,,,,,,,,,,,,,,,,,,,,,
 07/02  18:45:00,,,,,,,,,,,,,,,,,,,,,,,,,,2393367.344,,,,,,,,,,,,,,,,,,,,,,,,,,,,,,,,,,,,,,,,,,,,,,,,
 07/02  18:50:00,,,,,,,,,,,,,,,,,,,,,,,,,,2346683.39,,,,,,,,,,,,,,,,,,,,,,,,,,,,,,,,,,,,,,,,,,,,,,,,
 07/02  18:55:00,,,,,,,,,,,,,,,,,,,,,,,,,,2301054.406,,,,,,,,,,,,,,,,,,,,,,,,,,,,,,,,,,,,,,,,,,,,,,,,
 07/02  19:00:00,23.45833333,12.20886329,12.42147889,11.80520929,12.5457484,10.77268278,13.46046944,0,812.6429579,27.25866537,0,924.9224886,23.83514938,0,672.1903812,22.87051671,0,863.7599869,23.80191779,0,1802.252012,23.89918596,0,951.6147504,23.89575615,2253198.79,0,0,6856.741577,0,0,0,0,0,0,0,0,3109.190159,3109.190159,3317.479061,3317.479061,0,0,1760.12617,6856.741577,9.064477816,7.22,0.887837251,8616.867746,47.08255817,0,9.064477816,0.887837251,18.81306496,0.009457989,10.10923859,13.02515869,0.475696228,0.009457989,13,82,0,0,0.144514752,7.22,0.345167459,11.50000148,0.254895401,0.008173111,11.5,23.45833333,0.254895401,0.008173111,4.5
 07/02  19:05:00,,,,,,,,,,,,,,,,,,,,,,,,,,2133485.786,,,,,,,,,,,,,,,,,,,,,,,,,,,,,,,,,,,,,,,,,,,,,,,,
 07/02  19:10:00,,,,,,,,,,,,,,,,,,,,,,,,,,2039803.019,,,,,,,,,,,,,,,,,,,,,,,,,,,,,,,,,,,,,,,,,,,,,,,,
 07/02  19:15:00,,,,,,,,,,,,,,,,,,,,,,,,,,1937184.226,,,,,,,,,,,,,,,,,,,,,,,,,,,,,,,,,,,,,,,,,,,,,,,,
 07/02  19:20:00,,,,,,,,,,,,,,,,,,,,,,,,,,1853719.613,,,,,,,,,,,,,,,,,,,,,,,,,,,,,,,,,,,,,,,,,,,,,,,,
 07/02  19:25:00,,,,,,,,,,,,,,,,,,,,,,,,,,1796716.916,,,,,,,,,,,,,,,,,,,,,,,,,,,,,,,,,,,,,,,,,,,,,,,,
 07/02  19:30:00,,,,,,,,,,,,,,,,,,,,,,,,,,1762636.359,,,,,,,,,,,,,,,,,,,,,,,,,,,,,,,,,,,,,,,,,,,,,,,,
 07/02  19:35:00,,,,,,,,,,,,,,,,,,,,,,,,,,1736073.092,,,,,,,,,,,,,,,,,,,,,,,,,,,,,,,,,,,,,,,,,,,,,,,,
 07/02  19:40:00,,,,,,,,,,,,,,,,,,,,,,,,,,1710690.448,,,,,,,,,,,,,,,,,,,,,,,,,,,,,,,,,,,,,,,,,,,,,,,,
 07/02  19:45:00,,,,,,,,,,,,,,,,,,,,,,,,,,1685078.373,,,,,,,,,,,,,,,,,,,,,,,,,,,,,,,,,,,,,,,,,,,,,,,,
 07/02  19:50:00,,,,,,,,,,,,,,,,,,,,,,,,,,1670073.23,,,,,,,,,,,,,,,,,,,,,,,,,,,,,,,,,,,,,,,,,,,,,,,,
 07/02  19:55:00,,,,,,,,,,,,,,,,,,,,,,,,,,1653218.716,,,,,,,,,,,,,,,,,,,,,,,,,,,,,,,,,,,,,,,,,,,,,,,,
 07/02  20:00:00,21.375,11.29680322,11.05651872,10.13173566,11.15711885,9.776407268,12.41980001,0,1031.796309,26.27707334,0,742.5764778,22.61743224,0,342.4183728,22.20180924,0,696.1885112,22.57035428,0,867.4286538,23.42551484,0,798.185378,22.90714147,1628966.668,0,308.1256612,4624.063804,0,32.27901937,283.7894588,43.82623249,0,0,0,0,2569.081631,2569.081631,1802.783526,1802.783526,308.1256612,385.1570765,1301.028793,4624.063804,8.531990179,7.22,0.838767802,5925.092597,46.61755565,0.002071178,8.531990179,0.838767802,16.43655919,0.009124899,9.575414276,13.01147872,0.380995605,0.009124899,13,82,0,0,0.092598639,7.22,0.267923675,11.50005565,0.254895401,0.008525188,11.5,21.375,0.254895401,0.008525188,4.5
 07/02  20:02:30,,,,,,,,,,,,,,,,,,,,,,,,,,0,,,,,,,,,,,,,,,,,,,,,,,,,,,,,,,,,,,,,,,,,,,,,,,,
 07/02  20:05:00,,,,,,,,,,,,,,,,,,,,,,,,,,0,,,,,,,,,,,,,,,,,,,,,,,,,,,,,,,,,,,,,,,,,,,,,,,,
 07/02  20:07:30,,,,,,,,,,,,,,,,,,,,,,,,,,0,,,,,,,,,,,,,,,,,,,,,,,,,,,,,,,,,,,,,,,,,,,,,,,,
 07/02  20:10:00,,,,,,,,,,,,,,,,,,,,,,,,,,0,,,,,,,,,,,,,,,,,,,,,,,,,,,,,,,,,,,,,,,,,,,,,,,,
 07/02  20:15:00,,,,,,,,,,,,,,,,,,,,,,,,,,0,,,,,,,,,,,,,,,,,,,,,,,,,,,,,,,,,,,,,,,,,,,,,,,,
 07/02  20:20:00,,,,,,,,,,,,,,,,,,,,,,,,,,0,,,,,,,,,,,,,,,,,,,,,,,,,,,,,,,,,,,,,,,,,,,,,,,,
 07/02  20:25:00,,,,,,,,,,,,,,,,,,,,,,,,,,0,,,,,,,,,,,,,,,,,,,,,,,,,,,,,,,,,,,,,,,,,,,,,,,,
 07/02  20:30:00,,,,,,,,,,,,,,,,,,,,,,,,,,0,,,,,,,,,,,,,,,,,,,,,,,,,,,,,,,,,,,,,,,,,,,,,,,,
 07/02  20:35:00,,,,,,,,,,,,,,,,,,,,,,,,,,0,,,,,,,,,,,,,,,,,,,,,,,,,,,,,,,,,,,,,,,,,,,,,,,,
 07/02  20:40:00,,,,,,,,,,,,,,,,,,,,,,,,,,0,,,,,,,,,,,,,,,,,,,,,,,,,,,,,,,,,,,,,,,,,,,,,,,,
 07/02  20:45:00,,,,,,,,,,,,,,,,,,,,,,,,,,0,,,,,,,,,,,,,,,,,,,,,,,,,,,,,,,,,,,,,,,,,,,,,,,,
 07/02  20:50:00,,,,,,,,,,,,,,,,,,,,,,,,,,0,,,,,,,,,,,,,,,,,,,,,,,,,,,,,,,,,,,,,,,,,,,,,,,,
 07/02  20:55:00,,,,,,,,,,,,,,,,,,,,,,,,,,0,,,,,,,,,,,,,,,,,,,,,,,,,,,,,,,,,,,,,,,,,,,,,,,,
 07/02  21:00:00,19.45833333,10.71299242,10.39115764,9.723712136,10.4716462,9.612464596,11.70024408,0,0,26.02884828,58.08,0,22.53201041,25.08,0,22.44645312,58.08,0,22.46424095,25.08,0,23.73727529,108.68,0,22.70483122,0,0,0,0,0,0,0,0,0,0,0,0,0,0,0,0,0,0,0,0,8.421962162,8.421962162,0,0,45.761569,0,8.421962162,0,26.04784943,0.009863612,10.71286252,26.04784943,0,0.009863612,13,82,0,0,0,7.22,0,19.45833333,0,0.008751353,11.5,19.45833333,0,0.008751353,4.5
 07/02  21:05:00,,,,,,,,,,,,,,,,,,,,,,,,,,0,,,,,,,,,,,,,,,,,,,,,,,,,,,,,,,,,,,,,,,,,,,,,,,,
 07/02  21:10:00,,,,,,,,,,,,,,,,,,,,,,,,,,0,,,,,,,,,,,,,,,,,,,,,,,,,,,,,,,,,,,,,,,,,,,,,,,,
 07/02  21:15:00,,,,,,,,,,,,,,,,,,,,,,,,,,0,,,,,,,,,,,,,,,,,,,,,,,,,,,,,,,,,,,,,,,,,,,,,,,,
 07/02  21:20:00,,,,,,,,,,,,,,,,,,,,,,,,,,0,,,,,,,,,,,,,,,,,,,,,,,,,,,,,,,,,,,,,,,,,,,,,,,,
 07/02  21:25:00,,,,,,,,,,,,,,,,,,,,,,,,,,0,,,,,,,,,,,,,,,,,,,,,,,,,,,,,,,,,,,,,,,,,,,,,,,,
 07/02  21:30:00,,,,,,,,,,,,,,,,,,,,,,,,,,0,,,,,,,,,,,,,,,,,,,,,,,,,,,,,,,,,,,,,,,,,,,,,,,,
 07/02  21:35:00,,,,,,,,,,,,,,,,,,,,,,,,,,0,,,,,,,,,,,,,,,,,,,,,,,,,,,,,,,,,,,,,,,,,,,,,,,,
 07/02  21:40:00,,,,,,,,,,,,,,,,,,,,,,,,,,0,,,,,,,,,,,,,,,,,,,,,,,,,,,,,,,,,,,,,,,,,,,,,,,,
 07/02  21:45:00,,,,,,,,,,,,,,,,,,,,,,,,,,0,,,,,,,,,,,,,,,,,,,,,,,,,,,,,,,,,,,,,,,,,,,,,,,,
 07/02  21:50:00,,,,,,,,,,,,,,,,,,,,,,,,,,0,,,,,,,,,,,,,,,,,,,,,,,,,,,,,,,,,,,,,,,,,,,,,,,,
 07/02  21:55:00,,,,,,,,,,,,,,,,,,,,,,,,,,0,,,,,,,,,,,,,,,,,,,,,,,,,,,,,,,,,,,,,,,,,,,,,,,,
 07/02  22:00:00,17.91666667,10.71115628,10.3894959,9.723104868,10.4698989,9.612293315,11.69803161,0,0,25.17248805,19.8,0,21.98759937,8.55,0,21.9746635,19.8,0,21.93150723,8.55,0,22.86157776,37.05,0,22.31517791,0,0,0,0,0,0,0,0,0,0,0,0,0,0,0,0,0,0,0,0,8.421962162,8.421962162,0,0,45.761569,0,8.421962162,0,25.25530011,0.009862473,10.71115646,25.25530011,0,0.009862473,13,82,0,0,0,7.22,0,17.91666667,0,0.008752574,11.5,17.91666667,0,0.008752574,4.5
 07/02  22:05:00,,,,,,,,,,,,,,,,,,,,,,,,,,0,,,,,,,,,,,,,,,,,,,,,,,,,,,,,,,,,,,,,,,,,,,,,,,,
 07/02  22:10:00,,,,,,,,,,,,,,,,,,,,,,,,,,0,,,,,,,,,,,,,,,,,,,,,,,,,,,,,,,,,,,,,,,,,,,,,,,,
 07/02  22:15:00,,,,,,,,,,,,,,,,,,,,,,,,,,0,,,,,,,,,,,,,,,,,,,,,,,,,,,,,,,,,,,,,,,,,,,,,,,,
 07/02  22:20:00,,,,,,,,,,,,,,,,,,,,,,,,,,0,,,,,,,,,,,,,,,,,,,,,,,,,,,,,,,,,,,,,,,,,,,,,,,,
 07/02  22:25:00,,,,,,,,,,,,,,,,,,,,,,,,,,0,,,,,,,,,,,,,,,,,,,,,,,,,,,,,,,,,,,,,,,,,,,,,,,,
 07/02  22:30:00,,,,,,,,,,,,,,,,,,,,,,,,,,0,,,,,,,,,,,,,,,,,,,,,,,,,,,,,,,,,,,,,,,,,,,,,,,,
 07/02  22:35:00,,,,,,,,,,,,,,,,,,,,,,,,,,0,,,,,,,,,,,,,,,,,,,,,,,,,,,,,,,,,,,,,,,,,,,,,,,,
 07/02  22:40:00,,,,,,,,,,,,,,,,,,,,,,,,,,0,,,,,,,,,,,,,,,,,,,,,,,,,,,,,,,,,,,,,,,,,,,,,,,,
 07/02  22:45:00,,,,,,,,,,,,,,,,,,,,,,,,,,0,,,,,,,,,,,,,,,,,,,,,,,,,,,,,,,,,,,,,,,,,,,,,,,,
 07/02  22:50:00,,,,,,,,,,,,,,,,,,,,,,,,,,0,,,,,,,,,,,,,,,,,,,,,,,,,,,,,,,,,,,,,,,,,,,,,,,,
 07/02  22:55:00,,,,,,,,,,,,,,,,,,,,,,,,,,0,,,,,,,,,,,,,,,,,,,,,,,,,,,,,,,,,,,,,,,,,,,,,,,,
 07/02  23:00:00,17,10.71115624,10.3894959,9.723104808,10.46989887,9.612293315,11.69803161,0,0,24.20799765,15.84,0,21.42518454,6.84,0,21.4639261,15.84,0,21.38315325,6.84,0,21.97052138,29.64,0,21.89288765,0,0,0,0,0,0,0,0,0,0,0,0,0,0,0,0,0,0,0,0,8.421962162,8.421962162,0,0,45.761569,0,8.421962162,0,24.28578834,0.009862473,10.71115624,24.28578834,0,0.009862473,13,82,0,0,0,7.22,0,17,0,0.008741337,11.5,17,0,0.008741337,4.5
 07/02  23:05:00,,,,,,,,,,,,,,,,,,,,,,,,,,0,,,,,,,,,,,,,,,,,,,,,,,,,,,,,,,,,,,,,,,,,,,,,,,,
 07/02  23:10:00,,,,,,,,,,,,,,,,,,,,,,,,,,0,,,,,,,,,,,,,,,,,,,,,,,,,,,,,,,,,,,,,,,,,,,,,,,,
 07/02  23:15:00,,,,,,,,,,,,,,,,,,,,,,,,,,0,,,,,,,,,,,,,,,,,,,,,,,,,,,,,,,,,,,,,,,,,,,,,,,,
 07/02  23:20:00,,,,,,,,,,,,,,,,,,,,,,,,,,0,,,,,,,,,,,,,,,,,,,,,,,,,,,,,,,,,,,,,,,,,,,,,,,,
 07/02  23:25:00,,,,,,,,,,,,,,,,,,,,,,,,,,0,,,,,,,,,,,,,,,,,,,,,,,,,,,,,,,,,,,,,,,,,,,,,,,,
 07/02  23:30:00,,,,,,,,,,,,,,,,,,,,,,,,,,0,,,,,,,,,,,,,,,,,,,,,,,,,,,,,,,,,,,,,,,,,,,,,,,,
 07/02  23:35:00,,,,,,,,,,,,,,,,,,,,,,,,,,0,,,,,,,,,,,,,,,,,,,,,,,,,,,,,,,,,,,,,,,,,,,,,,,,
 07/02  23:40:00,,,,,,,,,,,,,,,,,,,,,,,,,,0,,,,,,,,,,,,,,,,,,,,,,,,,,,,,,,,,,,,,,,,,,,,,,,,
 07/02  23:45:00,,,,,,,,,,,,,,,,,,,,,,,,,,0,,,,,,,,,,,,,,,,,,,,,,,,,,,,,,,,,,,,,,,,,,,,,,,,
 07/02  23:50:00,,,,,,,,,,,,,,,,,,,,,,,,,,0,,,,,,,,,,,,,,,,,,,,,,,,,,,,,,,,,,,,,,,,,,,,,,,,
 07/02  23:55:00,,,,,,,,,,,,,,,,,,,,,,,,,,0,,,,,,,,,,,,,,,,,,,,,,,,,,,,,,,,,,,,,,,,,,,,,,,,
 07/02  24:00:00,16.45833333,10.70129778,10.37966219,9.713323483,10.46005906,9.602520443,11.6880951,0,0,23.32704766,15.84,0,21.04555659,6.84,0,21.09151824,15.84,0,21.00656343,6.84,0,21.37231564,29.64,0,21.58972318,0,0,0,0,0,0,0,0,0,0,0,0,0,0,0,0,0,0,0,0,8.421962162,8.421962162,0,0,45.761569,0,8.421962162,0,23.39618734,0.009862473,10.70129778,23.39618734,0,0.009862473,13,82,0,0,0,7.22,0,16.45833333,0,0.008760047,11.5,16.45833333,0,0.008760047,4.5
